-- phpMyAdmin SQL Dump
-- version 4.8.3
-- https://www.phpmyadmin.net/
--
-- Host: localhost:3306
-- Generation Time: Oct 26, 2018 at 09:49 AM
-- Server version: 5.7.19
-- PHP Version: 7.2.10

SET SQL_MODE = "NO_AUTO_VALUE_ON_ZERO";
SET AUTOCOMMIT = 0;
START TRANSACTION;
SET time_zone = "+00:00";


/*!40101 SET @OLD_CHARACTER_SET_CLIENT=@@CHARACTER_SET_CLIENT */;
/*!40101 SET @OLD_CHARACTER_SET_RESULTS=@@CHARACTER_SET_RESULTS */;
/*!40101 SET @OLD_COLLATION_CONNECTION=@@COLLATION_CONNECTION */;
/*!40101 SET NAMES utf8mb4 */;

--
-- Database: `eapi`
--

-- --------------------------------------------------------

--
-- Table structure for table `migrations`
--

CREATE TABLE `migrations` (
  `id` int(10) UNSIGNED NOT NULL,
  `migration` varchar(255) COLLATE utf8mb4_unicode_ci NOT NULL,
  `batch` int(11) NOT NULL
) ENGINE=InnoDB DEFAULT CHARSET=utf8mb4 COLLATE=utf8mb4_unicode_ci;

--
-- Dumping data for table `migrations`
--

INSERT INTO `migrations` (`id`, `migration`, `batch`) VALUES
(1, '2014_10_12_000000_create_users_table', 1),
(2, '2014_10_12_100000_create_password_resets_table', 1),
(3, '2018_10_26_090744_create_products_table', 1),
(4, '2018_10_26_090810_create_reviews_table', 1);

-- --------------------------------------------------------

--
-- Table structure for table `password_resets`
--

CREATE TABLE `password_resets` (
  `email` varchar(255) COLLATE utf8mb4_unicode_ci NOT NULL,
  `token` varchar(255) COLLATE utf8mb4_unicode_ci NOT NULL,
  `created_at` timestamp NULL DEFAULT NULL
) ENGINE=InnoDB DEFAULT CHARSET=utf8mb4 COLLATE=utf8mb4_unicode_ci;

-- --------------------------------------------------------

--
-- Table structure for table `products`
--

CREATE TABLE `products` (
  `id` int(10) UNSIGNED NOT NULL,
  `name` varchar(255) COLLATE utf8mb4_unicode_ci NOT NULL,
  `detail` text COLLATE utf8mb4_unicode_ci NOT NULL,
  `price` int(11) NOT NULL,
  `stock` int(11) NOT NULL,
  `discount` int(11) NOT NULL,
  `created_at` timestamp NULL DEFAULT NULL,
  `updated_at` timestamp NULL DEFAULT NULL
) ENGINE=InnoDB DEFAULT CHARSET=utf8mb4 COLLATE=utf8mb4_unicode_ci;

--
-- Dumping data for table `products`
--

INSERT INTO `products` (`id`, `name`, `detail`, `price`, `stock`, `discount`, `created_at`, `updated_at`) VALUES
(1, 'maxime', 'Optio vel officia odio nihil. Distinctio quis non at rem asperiores quia ut atque. Quasi sapiente temporibus corrupti corporis odit autem. Ea consectetur unde cum voluptates rerum est sint consequatur.', 609, 7, 12, '2018-10-26 08:47:14', '2018-10-26 08:47:14'),
(2, 'similique', 'Molestiae sit molestias soluta sit. Eum quis nam soluta. Nesciunt est tenetur asperiores perspiciatis architecto officia. Voluptatem rerum architecto id nihil aperiam alias.', 899, 4, 11, '2018-10-26 08:47:14', '2018-10-26 08:47:14'),
(3, 'recusandae', 'Dolor facilis voluptate reiciendis rem omnis consequatur neque perferendis. Accusantium omnis corrupti consequatur nobis. Perferendis qui dolor inventore. Aspernatur dolores est omnis et qui voluptatem.', 162, 3, 12, '2018-10-26 08:47:14', '2018-10-26 08:47:14'),
(4, 'corrupti', 'Enim qui eos cum saepe quasi vero omnis. Tempore qui inventore eius quibusdam. Quia eveniet dolores vel dolorum.', 463, 5, 27, '2018-10-26 08:47:14', '2018-10-26 08:47:14'),
(5, 'ut', 'Ipsam minima nesciunt id laboriosam iure consequatur autem. Placeat maxime hic eos voluptatem et. Odio architecto est tempora voluptatem omnis ut dolor.', 322, 4, 6, '2018-10-26 08:47:14', '2018-10-26 08:47:14'),
(6, 'nihil', 'Ratione facere eos excepturi saepe deleniti cum. Odit autem voluptas adipisci et sunt dolorum. Occaecati in vitae porro deserunt consequatur unde.', 748, 3, 4, '2018-10-26 08:47:14', '2018-10-26 08:47:14'),
(7, 'qui', 'Velit labore labore laboriosam debitis in. Aut eos sit velit modi hic non aut aliquid. Quo sunt officiis unde voluptatum. Reprehenderit animi nisi aut suscipit beatae enim ut vero.', 135, 2, 11, '2018-10-26 08:47:14', '2018-10-26 08:47:14'),
(8, 'voluptates', 'Rerum quis illum saepe officia omnis. Eum rerum et ducimus pariatur. Consequatur et illum et quos. Et sed dolorem autem esse.', 748, 4, 21, '2018-10-26 08:47:14', '2018-10-26 08:47:14'),
(9, 'et', 'Esse rerum omnis voluptatibus at. Porro eius nihil perspiciatis rerum. Sit laudantium quis expedita deserunt animi vel. Et odio animi et. Incidunt voluptas quam exercitationem quidem ut ipsam.', 706, 0, 11, '2018-10-26 08:47:14', '2018-10-26 08:47:14'),
(10, 'nihil', 'Excepturi officiis quia qui dolor assumenda ut voluptas et. Eos est quis et et qui illum corrupti. Quaerat quisquam recusandae deleniti aliquam.', 739, 3, 15, '2018-10-26 08:47:14', '2018-10-26 08:47:14'),
(11, 'temporibus', 'Nemo eos et voluptatem et totam amet quia. Et vel est impedit sit nostrum impedit consectetur molestias. Optio repudiandae quibusdam omnis in. Ipsa delectus animi aut dicta.', 585, 4, 18, '2018-10-26 08:47:14', '2018-10-26 08:47:14'),
(12, 'maxime', 'Eligendi quia natus cumque molestiae nihil et. Ut commodi sunt praesentium. Soluta sed perspiciatis distinctio explicabo blanditiis ut. Vel blanditiis possimus mollitia hic.', 672, 0, 5, '2018-10-26 08:47:14', '2018-10-26 08:47:14'),
(13, 'voluptatibus', 'Laboriosam saepe rerum praesentium dolorem maiores assumenda officiis. Aliquam explicabo optio nobis sint id quos qui.', 806, 1, 14, '2018-10-26 08:47:14', '2018-10-26 08:47:14'),
(14, 'nihil', 'Libero aperiam sit explicabo placeat maiores. Ea et ipsum odio et. Nobis distinctio fugiat illo enim voluptatum veritatis et. Voluptates quisquam dolore iure.', 342, 3, 13, '2018-10-26 08:47:14', '2018-10-26 08:47:14'),
(15, 'velit', 'Et ut qui odio culpa quidem mollitia. Quia qui aliquam et ratione veniam omnis. Tempora odit officiis corporis sint ea voluptatem aliquid. Mollitia praesentium rerum velit illum quam est fugiat velit.', 965, 5, 21, '2018-10-26 08:47:15', '2018-10-26 08:47:15'),
(16, 'non', 'Libero enim explicabo mollitia sed quia velit minima. Velit libero perferendis odit saepe molestias explicabo sint. Temporibus at corporis dignissimos. Voluptatem eos aliquid nemo nesciunt ea fuga corporis sunt.', 438, 9, 8, '2018-10-26 08:47:15', '2018-10-26 08:47:15'),
(17, 'non', 'Et non ipsa inventore sint. Nam id repellendus ipsa unde dolor enim et aut. Eveniet ipsam non qui saepe sed ut.', 477, 4, 22, '2018-10-26 08:47:15', '2018-10-26 08:47:15'),
(18, 'quia', 'Fugit quaerat ut rerum quod. Officia sapiente quibusdam dolor rerum unde repellendus doloribus. Omnis dignissimos eos nam in facere. Aut in aut cupiditate nemo commodi animi voluptatum.', 531, 2, 30, '2018-10-26 08:47:15', '2018-10-26 08:47:15'),
(19, 'et', 'Beatae et voluptas saepe quia voluptas provident. Facilis iste quae impedit. Eveniet nesciunt facilis in aut at autem harum. Et ea et consequatur porro qui et sunt. Qui nihil nam reprehenderit ut qui sit cupiditate.', 120, 9, 23, '2018-10-26 08:47:15', '2018-10-26 08:47:15'),
(20, 'itaque', 'Et cupiditate dolorem aut aut voluptas optio. Modi cumque minus culpa et. Et doloribus quia et distinctio. Voluptas et ea nihil pariatur.', 490, 1, 17, '2018-10-26 08:47:15', '2018-10-26 08:47:15'),
(21, 'eum', 'Magnam neque saepe et. Provident sit et quo qui vel temporibus. Eos rerum laboriosam est nesciunt. Sed unde qui quasi voluptatem. Ut sit rerum delectus cupiditate occaecati fugiat.', 355, 3, 17, '2018-10-26 08:47:15', '2018-10-26 08:47:15'),
(22, 'numquam', 'Beatae magni voluptatem et soluta et dolores repellendus. In alias animi voluptatem. Harum corporis et et et optio qui. Quibusdam cum officiis rerum aliquid natus aliquid dolores.', 704, 8, 6, '2018-10-26 08:47:15', '2018-10-26 08:47:15'),
(23, 'consectetur', 'Nisi explicabo non eligendi quia. Voluptatibus quod voluptas esse molestiae. Unde quia incidunt qui iusto corporis recusandae rerum.', 977, 5, 15, '2018-10-26 08:47:15', '2018-10-26 08:47:15'),
(24, 'veritatis', 'Aspernatur quis non ab similique quae. Fugit ut asperiores similique. Et natus dolores eos quia officia dolorem ratione. Ut quidem nobis nobis sunt. Est cupiditate voluptatibus excepturi nobis provident.', 558, 5, 12, '2018-10-26 08:47:15', '2018-10-26 08:47:15'),
(25, 'rerum', 'Quis facere temporibus itaque doloremque qui provident. Aut voluptatum voluptatem aut alias porro distinctio repellendus qui. Dicta unde consequatur quia dolorum sunt dolores. Quas recusandae beatae voluptatum voluptate est.', 843, 0, 11, '2018-10-26 08:47:15', '2018-10-26 08:47:15'),
(26, 'non', 'Occaecati et temporibus excepturi quaerat asperiores amet omnis. Voluptas animi sit saepe iusto. Nesciunt vel qui blanditiis culpa occaecati. Dolor quo veniam sunt quae laudantium est rerum.', 157, 7, 11, '2018-10-26 08:47:15', '2018-10-26 08:47:15'),
(27, 'quo', 'Architecto omnis et expedita praesentium sit omnis. Veniam numquam rem ut ad at.', 349, 6, 15, '2018-10-26 08:47:15', '2018-10-26 08:47:15'),
(28, 'rem', 'Molestias id qui dolore doloribus ut aut non. Eligendi voluptas aut quis vitae rem neque.', 245, 6, 4, '2018-10-26 08:47:15', '2018-10-26 08:47:15'),
(29, 'iusto', 'Est vero libero qui voluptate praesentium velit in saepe. Molestias magnam at labore ipsam. Amet ea possimus eaque qui minima. Vitae ut sunt voluptas temporibus optio maxime enim rerum.', 549, 3, 30, '2018-10-26 08:47:15', '2018-10-26 08:47:15'),
(30, 'et', 'Corporis sequi non voluptates magnam. Occaecati dolorem et ut ducimus. In minus soluta dolor quia odio cumque quia.', 852, 3, 8, '2018-10-26 08:47:15', '2018-10-26 08:47:15'),
(31, 'optio', 'Ut et ut deleniti deleniti corporis nihil. Officiis fugit rerum suscipit voluptatem qui consequatur impedit maiores. Impedit magnam sunt placeat consequatur magnam quas.', 769, 1, 5, '2018-10-26 08:47:15', '2018-10-26 08:47:15'),
(32, 'molestiae', 'Provident dolor qui fugit et possimus et at dolores. Modi sit totam eligendi sit aliquid aspernatur. Voluptas cupiditate culpa ut optio.', 621, 1, 6, '2018-10-26 08:47:15', '2018-10-26 08:47:15'),
(33, 'perspiciatis', 'Est et ut nesciunt dolorem est est harum ut. Nisi veritatis sint autem deleniti cum. Necessitatibus in perspiciatis facilis enim explicabo distinctio iure mollitia. Repellat velit repellat non nihil.', 315, 2, 18, '2018-10-26 08:47:15', '2018-10-26 08:47:15'),
(34, 'vel', 'Non accusamus saepe eligendi iste. Incidunt ipsum omnis minima. Tenetur eum impedit quae voluptates necessitatibus.', 535, 5, 9, '2018-10-26 08:47:15', '2018-10-26 08:47:15'),
(35, 'in', 'Officiis odit officia fuga maiores consectetur. Omnis alias officia deserunt voluptatibus voluptas laborum sint. Consequatur dolor eos ad quia. Non ut esse aperiam deleniti dolores. Esse vitae minima aspernatur incidunt et omnis.', 418, 3, 24, '2018-10-26 08:47:15', '2018-10-26 08:47:15'),
(36, 'esse', 'Ipsum neque suscipit molestias pariatur qui sapiente. Nostrum non beatae illum repudiandae sunt voluptatem qui qui.', 952, 0, 23, '2018-10-26 08:47:15', '2018-10-26 08:47:15'),
(37, 'nam', 'Quos vel eveniet at. Ea eos in velit in minima quidem. Adipisci aut rerum eveniet qui.', 818, 9, 5, '2018-10-26 08:47:15', '2018-10-26 08:47:15'),
(38, 'voluptatem', 'Quia quia saepe voluptatem voluptates aut enim. Natus aliquid vitae quod dicta numquam. Iusto facilis totam ullam inventore et ab dolorem sit. Nihil vero repudiandae perspiciatis.', 571, 8, 6, '2018-10-26 08:47:15', '2018-10-26 08:47:15'),
(39, 'ea', 'Et aliquid omnis eos sit. Cupiditate molestiae impedit sapiente consequatur unde expedita. Et qui et et nulla officiis corporis. Est quisquam dolor fugiat doloribus expedita dolores architecto.', 577, 2, 6, '2018-10-26 08:47:15', '2018-10-26 08:47:15'),
(40, 'eos', 'Voluptatem soluta ex quaerat consequatur dolor. Dolor facere minus qui vitae architecto. Autem eveniet debitis laudantium.', 516, 2, 3, '2018-10-26 08:47:15', '2018-10-26 08:47:15'),
(41, 'similique', 'Deserunt et quo in aliquam. Sit occaecati odio laudantium id qui. Repudiandae sunt non amet consectetur illum maiores ut. Quaerat quae ad non eius debitis earum. Aut ut omnis hic veniam ipsa.', 777, 2, 25, '2018-10-26 08:47:16', '2018-10-26 08:47:16'),
(42, 'in', 'Tempora explicabo ut vero qui iure. Nobis dolor animi fugiat iste rem. Nisi fuga dicta voluptatem ipsum iusto.', 786, 4, 19, '2018-10-26 08:47:16', '2018-10-26 08:47:16'),
(43, 'rerum', 'Expedita eos minus nesciunt. Consequatur doloremque autem a quibusdam in. Veniam ut reprehenderit eum quod aliquid veritatis. Voluptatem voluptas corrupti corporis cupiditate.', 210, 6, 11, '2018-10-26 08:47:16', '2018-10-26 08:47:16'),
(44, 'minima', 'Et asperiores corrupti consequatur. Nostrum excepturi est quis non quibusdam. Hic incidunt ullam in magnam quos. Velit voluptatibus quia optio nemo ut cupiditate.', 517, 4, 23, '2018-10-26 08:47:16', '2018-10-26 08:47:16'),
(45, 'officiis', 'Earum quaerat recusandae distinctio sint qui nobis debitis. Aut dolores rerum est non neque est earum sed. Numquam optio odit in quia quisquam eaque aut ducimus. Enim quo culpa officiis est necessitatibus aut quisquam perspiciatis.', 906, 0, 18, '2018-10-26 08:47:16', '2018-10-26 08:47:16'),
(46, 'libero', 'In laborum laboriosam ratione error maiores vel. Voluptatem in incidunt adipisci eaque iure.', 423, 6, 27, '2018-10-26 08:47:16', '2018-10-26 08:47:16'),
(47, 'et', 'Autem qui hic animi odit in molestiae. Deserunt aut autem doloremque et. Recusandae earum nisi voluptatum.', 895, 2, 17, '2018-10-26 08:47:16', '2018-10-26 08:47:16'),
(48, 'repellendus', 'Qui possimus dignissimos autem fugit numquam illum aut. Nobis nesciunt consequatur id quos qui et omnis. Non perspiciatis dolores nisi voluptate. Ut quam soluta et repellendus eligendi.', 456, 3, 10, '2018-10-26 08:47:16', '2018-10-26 08:47:16'),
(49, 'maxime', 'Numquam in at ipsum provident nostrum ut qui. Magni rerum veniam commodi rem eos nam ut. Praesentium quaerat sit eum rerum est deserunt natus vel. Quisquam eaque a accusamus sit voluptatem. At reprehenderit odio molestiae qui consequatur numquam dignissimos at.', 518, 4, 8, '2018-10-26 08:47:16', '2018-10-26 08:47:16'),
(50, 'officia', 'Est quidem sint voluptatum iure consequatur. Officia ut saepe voluptatem.', 139, 8, 11, '2018-10-26 08:47:16', '2018-10-26 08:47:16');

-- --------------------------------------------------------

--
-- Table structure for table `reviews`
--

CREATE TABLE `reviews` (
  `id` int(10) UNSIGNED NOT NULL,
  `product_id` int(10) UNSIGNED NOT NULL,
  `customer` varchar(255) COLLATE utf8mb4_unicode_ci NOT NULL,
  `review` text COLLATE utf8mb4_unicode_ci NOT NULL,
  `star` int(11) NOT NULL,
  `created_at` timestamp NULL DEFAULT NULL,
  `updated_at` timestamp NULL DEFAULT NULL
) ENGINE=InnoDB DEFAULT CHARSET=utf8mb4 COLLATE=utf8mb4_unicode_ci;

--
-- Dumping data for table `reviews`
--

INSERT INTO `reviews` (`id`, `product_id`, `customer`, `review`, `star`, `created_at`, `updated_at`) VALUES
(1, 35, 'Jovany D\'Amore', 'Est accusamus accusantium quia accusantium dolores. Quibusdam in omnis explicabo beatae commodi. Aspernatur repellendus dolorem sequi consequuntur.', 2, '2018-10-26 08:47:17', '2018-10-26 08:47:17'),
(2, 45, 'Aida Wisozk', 'Dolore et iste occaecati corporis expedita libero. Sed tempore dolor aspernatur suscipit sunt delectus et dicta. Neque inventore non consequatur atque. Doloremque sunt accusamus vel.', 1, '2018-10-26 08:47:17', '2018-10-26 08:47:17'),
(3, 40, 'Laury Ward', 'Similique eum molestiae est aspernatur earum. Minima ea consequatur quaerat quis. Architecto dolorem sit eum alias.', 1, '2018-10-26 08:47:17', '2018-10-26 08:47:17'),
(4, 16, 'Claudia Torphy', 'Suscipit libero saepe sed porro. Sunt ut expedita in id commodi. Commodi autem vitae ut aut et sunt. Quos eaque natus eum molestias repellendus ut qui.', 1, '2018-10-26 08:47:18', '2018-10-26 08:47:18'),
(5, 36, 'Terence Wiegand PhD', 'Nobis qui repellat molestias. Est accusamus sed id ut dolore pariatur. Nulla vitae quo amet cum quibusdam dicta incidunt. Delectus molestiae laborum et laudantium doloremque.', 2, '2018-10-26 08:47:18', '2018-10-26 08:47:18'),
(6, 2, 'Jamison Reinger Jr.', 'Aliquam culpa qui provident eum earum distinctio. Quia inventore dolorum laboriosam maxime ut et. Dolore laudantium enim illum suscipit voluptatum quia. Iusto rem sit repellat adipisci possimus.', 5, '2018-10-26 08:47:18', '2018-10-26 08:47:18'),
(7, 39, 'Miss Bettye Schimmel III', 'Id in et qui est. Excepturi voluptate odit esse omnis doloremque laborum cumque. Sit excepturi cum ut debitis placeat animi rerum. Et aut sint dolore sapiente occaecati eum unde.', 5, '2018-10-26 08:47:18', '2018-10-26 08:47:18'),
(8, 8, 'Prof. Diego Stark Jr.', 'Ut earum dignissimos aliquid nihil. Placeat laborum qui placeat nihil officia accusamus iusto. Provident non aut maiores officia et sequi. Temporibus porro repudiandae rem neque architecto. Quos dolores consequatur aspernatur.', 3, '2018-10-26 08:47:18', '2018-10-26 08:47:18'),
(9, 40, 'Clemens Wyman', 'Incidunt libero a ex. Commodi quidem repellat temporibus. Tempora aut voluptas velit sunt commodi cum.', 5, '2018-10-26 08:47:18', '2018-10-26 08:47:18'),
(10, 34, 'Enrico Lubowitz', 'Et voluptates dolorum exercitationem id. Libero rerum tempora illo. Iste nobis et neque ea.', 5, '2018-10-26 08:47:18', '2018-10-26 08:47:18'),
(11, 27, 'Sierra Upton', 'Quam magni id iusto rerum culpa eos. Rerum vero omnis veritatis temporibus magnam praesentium veritatis cupiditate. Maxime ex quasi voluptatum ducimus aut ut officia.', 4, '2018-10-26 08:47:18', '2018-10-26 08:47:18'),
(12, 21, 'Lisandro Collier', 'Tempore dolor accusamus doloremque rerum ut. Quis laudantium sint labore odit. Occaecati molestias et veritatis facere aspernatur aut natus. Autem iure debitis vitae quis perspiciatis iure delectus eos.', 1, '2018-10-26 08:47:18', '2018-10-26 08:47:18'),
(13, 22, 'Ms. Cathrine Friesen III', 'Debitis vel nisi ut qui suscipit voluptas dolor. Deserunt ut et excepturi suscipit iusto. Et consequatur voluptatem ex aperiam numquam fugit. Labore sed eaque repellendus culpa sit alias.', 1, '2018-10-26 08:47:18', '2018-10-26 08:47:18'),
(14, 17, 'Cory Mertz', 'Dicta et quis saepe molestias. Enim inventore unde ea vel saepe sed. Consequuntur architecto accusantium a.', 5, '2018-10-26 08:47:18', '2018-10-26 08:47:18'),
(15, 12, 'Yadira Rippin', 'Est animi rerum aspernatur voluptatem quidem est ut reprehenderit. Laborum non laboriosam suscipit veniam iure dolor eum. Sint necessitatibus quidem et.', 3, '2018-10-26 08:47:18', '2018-10-26 08:47:18'),
(16, 3, 'Stevie Koss', 'Perferendis eaque quisquam debitis aliquid magnam facere. Quisquam totam dolores possimus atque ea. Nesciunt quo soluta placeat perferendis voluptatem. Possimus ratione sequi necessitatibus cupiditate.', 1, '2018-10-26 08:47:18', '2018-10-26 08:47:18'),
(17, 9, 'Anya Nikolaus', 'Ex eum architecto aliquam dolorem minima nisi iusto. Dolor porro dolore fugit repellat. Qui nam fugiat dignissimos sequi beatae. Dolorem perspiciatis sint ea tempora reprehenderit illum.', 3, '2018-10-26 08:47:18', '2018-10-26 08:47:18'),
(18, 41, 'Mr. Eugene Bailey', 'Dignissimos consequatur provident quia cumque possimus. Debitis distinctio quo distinctio vel vel aperiam. Qui similique ut odit ipsum nam minima. Modi labore ducimus quia excepturi quis.', 1, '2018-10-26 08:47:18', '2018-10-26 08:47:18'),
(19, 28, 'Ashtyn Larkin', 'Non quam velit ut est eligendi dolorum ut. Quos fugiat dolor neque. Quisquam suscipit voluptatem dignissimos at. Est totam odio nihil voluptas.', 1, '2018-10-26 08:47:18', '2018-10-26 08:47:18'),
(20, 11, 'Mr. Adolf Barrows Jr.', 'Provident ut est occaecati. Quasi commodi rerum qui quam libero. Saepe nihil qui ipsa vitae.', 2, '2018-10-26 08:47:18', '2018-10-26 08:47:18'),
(21, 26, 'Jedediah Grimes I', 'Fugit laudantium vel fugiat tempore repellat ut. Eaque iste quo quaerat magni et molestiae quidem. Maiores animi ea ab iusto illo est exercitationem.', 4, '2018-10-26 08:47:18', '2018-10-26 08:47:18'),
(22, 44, 'Mrs. Maritza Schroeder V', 'Quis repellendus est maxime odio. Eveniet eligendi eos mollitia enim. Fugit alias dolor qui error eveniet id.', 5, '2018-10-26 08:47:18', '2018-10-26 08:47:18'),
(23, 46, 'Miss Jalyn Dooley DDS', 'Quasi similique consequatur molestias dolorem aliquam. Et enim non possimus aspernatur non. Earum laboriosam veritatis qui quis omnis ea.', 1, '2018-10-26 08:47:18', '2018-10-26 08:47:18'),
(24, 12, 'Emelia Borer', 'Iusto quod qui id omnis sint aut. Reprehenderit quo blanditiis tempore et excepturi modi. Unde dolores doloribus enim.', 3, '2018-10-26 08:47:18', '2018-10-26 08:47:18'),
(25, 12, 'Meagan Jacobi', 'Laudantium itaque quod nulla qui qui amet perferendis. Quaerat vero sint nisi repellendus. Dolor a iste totam dolor tempora fugit eum. Nemo quod consequuntur qui nihil sunt voluptatem incidunt.', 5, '2018-10-26 08:47:18', '2018-10-26 08:47:18'),
(26, 33, 'Mr. Freeman Friesen', 'Qui magni repellat impedit ex molestiae voluptas. Deserunt dolor quo error. Molestiae vitae est error voluptas et aliquid. Dolorum eum necessitatibus ipsam nostrum ad.', 4, '2018-10-26 08:47:18', '2018-10-26 08:47:18'),
(27, 36, 'Okey O\'Connell', 'Sed vitae ut omnis enim. Similique quos tenetur tempore sit. Voluptatem qui exercitationem maxime.', 5, '2018-10-26 08:47:18', '2018-10-26 08:47:18'),
(28, 14, 'Kennedi Lehner', 'Et quia tempore animi sint quia. Et quae quia est sit tenetur non. Ut ut optio quaerat. Ad iure et aut recusandae quidem molestiae.', 0, '2018-10-26 08:47:18', '2018-10-26 08:47:18'),
(29, 21, 'Trystan Goyette', 'Dolorum labore quia et amet est molestiae. Odio temporibus cumque recusandae accusamus ea doloribus ratione. Natus sit sed qui.', 3, '2018-10-26 08:47:18', '2018-10-26 08:47:18'),
(30, 24, 'Myles Swift', 'Dolorem est laborum porro voluptas maxime. Odit tempore voluptas qui repellendus explicabo consequuntur at. Voluptatem magnam omnis qui a esse mollitia fuga. Non possimus itaque sit error. Adipisci harum consequuntur pariatur eos molestiae omnis animi.', 0, '2018-10-26 08:47:19', '2018-10-26 08:47:19'),
(31, 30, 'Dr. Charley McDermott', 'Facere illo nihil voluptate ea est corrupti quasi. Enim vitae eaque ut et qui.', 2, '2018-10-26 08:47:19', '2018-10-26 08:47:19'),
(32, 20, 'Laurel VonRueden', 'Culpa ex laborum debitis sit est dolorem hic. Sunt omnis veniam amet vitae assumenda reprehenderit. Vel enim sint dignissimos assumenda quis ea consectetur. Autem placeat optio sit omnis maxime vel quos.', 5, '2018-10-26 08:47:19', '2018-10-26 08:47:19'),
(33, 29, 'Josefina Walker', 'Eos magnam qui harum repellendus iste. Reprehenderit magnam eveniet et veritatis est. Quis eum omnis soluta impedit facilis. Assumenda fugiat dolores voluptate illo labore autem fugit animi.', 5, '2018-10-26 08:47:19', '2018-10-26 08:47:19'),
(34, 7, 'Arno Barrows', 'A consequatur inventore fuga. Officiis quia cumque dolores omnis aliquid. Libero nisi sunt blanditiis.', 0, '2018-10-26 08:47:19', '2018-10-26 08:47:19'),
(35, 29, 'Aurelie Heaney', 'Repudiandae totam inventore ipsum consequatur hic et veritatis. Voluptates corrupti sapiente a exercitationem voluptatibus. Nemo non omnis autem eligendi non voluptates maiores.', 1, '2018-10-26 08:47:19', '2018-10-26 08:47:19'),
(36, 1, 'Cletus Maggio', 'Ut dolore fugiat ex sunt iusto consectetur. Eligendi sit excepturi sit quia. Consequatur facere modi asperiores incidunt sunt ipsam sequi et. Sint amet velit reprehenderit ducimus unde.', 2, '2018-10-26 08:47:19', '2018-10-26 08:47:19'),
(37, 5, 'Jack Ebert', 'Quidem sapiente consequatur et animi voluptatem repellendus perspiciatis. Reiciendis aut nobis architecto laudantium reprehenderit sit. Omnis et incidunt quos omnis tempore et.', 1, '2018-10-26 08:47:19', '2018-10-26 08:47:19'),
(38, 7, 'Hermina Kris', 'Sunt enim aliquid cumque laborum expedita quaerat nemo. Quae qui quaerat voluptates non rerum repudiandae animi. Vel laudantium saepe aperiam et consequatur voluptatibus. Velit rerum tenetur quas molestiae sit minus.', 0, '2018-10-26 08:47:19', '2018-10-26 08:47:19'),
(39, 18, 'Claude Crist', 'Libero alias dolorem nihil possimus veniam. Nulla deleniti aut sunt omnis nulla rem. Maiores cum porro est ut eum.', 5, '2018-10-26 08:47:19', '2018-10-26 08:47:19'),
(40, 35, 'Fidel Bechtelar', 'Veritatis itaque assumenda aut quo sunt consectetur sit. Iure cum eos ut asperiores. Voluptatibus voluptas accusamus quos quod repellat distinctio.', 2, '2018-10-26 08:47:19', '2018-10-26 08:47:19'),
(41, 44, 'Jordon Hodkiewicz DDS', 'Beatae aut consequuntur deserunt earum voluptates animi. Consequatur voluptatem sit omnis dolor fuga id. Neque neque ducimus ea eius et. Reiciendis magni nesciunt quis autem beatae quae.', 2, '2018-10-26 08:47:19', '2018-10-26 08:47:19'),
(42, 12, 'Kevin Olson', 'Laudantium illum qui qui atque. Vel est quae aut deleniti. Et ratione officia repellendus.', 1, '2018-10-26 08:47:19', '2018-10-26 08:47:19'),
(43, 35, 'Tracy Goodwin', 'Ut blanditiis porro vel optio asperiores voluptates cum. Nesciunt dolorum ullam id saepe non omnis explicabo. Qui perspiciatis fugiat sequi eum cumque eaque.', 1, '2018-10-26 08:47:19', '2018-10-26 08:47:19'),
(44, 29, 'Daphnee Krajcik', 'Porro impedit consectetur laboriosam et. Error ipsum voluptates nostrum et aspernatur aliquam. Sequi libero impedit sint molestiae est recusandae. Eos cumque ut itaque et.', 4, '2018-10-26 08:47:19', '2018-10-26 08:47:19'),
(45, 10, 'Rose Bins DDS', 'Pariatur ut non deserunt eaque repellat id. Impedit aspernatur enim cum quo aut ut. Ratione minima repellat aperiam et molestiae. Nesciunt dolor ab et doloribus eum fugit.', 0, '2018-10-26 08:47:19', '2018-10-26 08:47:19'),
(46, 10, 'Jannie Satterfield', 'Totam ratione soluta veniam cupiditate recusandae. Sequi laudantium sit voluptatem inventore possimus quae aperiam. Et labore dolorem fuga harum debitis consectetur.', 1, '2018-10-26 08:47:19', '2018-10-26 08:47:19'),
(47, 46, 'Connie Wilkinson', 'Cupiditate soluta et omnis sint nulla ut aspernatur explicabo. Harum officia velit sit consequatur et. Soluta rerum reiciendis quidem saepe non. Qui ullam assumenda velit natus reprehenderit molestiae unde.', 5, '2018-10-26 08:47:19', '2018-10-26 08:47:19'),
(48, 14, 'Jaqueline Will', 'Eveniet architecto excepturi nulla aut id. Enim occaecati harum molestiae recusandae. Aut optio ratione doloremque. Ea non ex qui sint labore vitae quia magnam. Et consectetur provident quas molestiae.', 4, '2018-10-26 08:47:19', '2018-10-26 08:47:19'),
(49, 3, 'Ms. Libbie Nolan', 'Esse optio recusandae voluptatem occaecati praesentium earum. Culpa odio cumque facilis consectetur. Natus vero non est ut.', 4, '2018-10-26 08:47:19', '2018-10-26 08:47:19'),
(50, 33, 'Laury Paucek', 'Perferendis repudiandae nisi qui deserunt aliquid. Ab vel pariatur sint eum. Est et minima velit.', 1, '2018-10-26 08:47:19', '2018-10-26 08:47:19'),
(51, 46, 'Dr. Julio Schoen DVM', 'Neque iusto odio aut repellat. Eveniet neque dolore sit. Quas possimus cum sequi. Excepturi occaecati amet pariatur sunt tenetur.', 0, '2018-10-26 08:47:19', '2018-10-26 08:47:19'),
(52, 4, 'Mrs. Mariane Murphy', 'Et repellat eos earum aut aut. Quod vitae praesentium ut quo nemo sed ea. Corporis quasi natus aliquam mollitia nam laborum non.', 1, '2018-10-26 08:47:19', '2018-10-26 08:47:19'),
(53, 41, 'Colby Abernathy', 'Exercitationem soluta ab voluptas ab ut accusantium eius voluptas. Unde accusamus cumque magni qui veniam assumenda. Animi deleniti quis ex consequuntur debitis eaque distinctio.', 1, '2018-10-26 08:47:19', '2018-10-26 08:47:19'),
(54, 18, 'Magnolia Lindgren', 'Ea laudantium totam quis dolor et. Voluptas quam autem sapiente ullam quibusdam repudiandae. Alias suscipit totam a recusandae neque. Odit fugiat aut neque.', 4, '2018-10-26 08:47:19', '2018-10-26 08:47:19'),
(55, 5, 'Margarita Dibbert', 'Et laudantium amet voluptas repellendus qui quos voluptas. Et suscipit id voluptas esse. Ut voluptas rerum placeat omnis iste quisquam atque quo. Et aperiam sint sequi iusto consequatur.', 2, '2018-10-26 08:47:19', '2018-10-26 08:47:19'),
(56, 20, 'Mohammed Gorczany', 'Sint a nulla sequi voluptatum voluptatum inventore placeat. Error rerum quibusdam accusamus et rem error at. Voluptatem esse in earum.', 2, '2018-10-26 08:47:20', '2018-10-26 08:47:20'),
(57, 5, 'Prof. Barton Sipes III', 'Eos quia sequi similique beatae modi beatae odit. Itaque in ut nihil earum quae. Dolor voluptas eius ut aut consectetur nobis.', 4, '2018-10-26 08:47:20', '2018-10-26 08:47:20'),
(58, 40, 'Parker Oberbrunner', 'Quo voluptate beatae neque beatae molestiae eos dolorem. Velit laudantium voluptatem et molestias quo magnam odit. Inventore sed repudiandae quam similique voluptatum.', 5, '2018-10-26 08:47:20', '2018-10-26 08:47:20'),
(59, 44, 'Ms. Nedra Feeney I', 'Dolores voluptatem facere esse ipsum ut totam harum. Possimus praesentium quis dignissimos cum. Doloribus nisi fugiat ut est dolore.', 5, '2018-10-26 08:47:20', '2018-10-26 08:47:20'),
(60, 9, 'Miracle Trantow DDS', 'Deleniti voluptatem ullam quisquam velit aspernatur quo similique perferendis. Consequatur nulla voluptate doloremque non.', 0, '2018-10-26 08:47:20', '2018-10-26 08:47:20'),
(61, 14, 'Camila Carter', 'Inventore sapiente pariatur voluptatum nulla beatae omnis. Doloremque libero soluta dolor omnis tenetur nobis. Voluptatem temporibus tempore non dolores earum sed qui reprehenderit. Adipisci molestias eum ut dolores explicabo optio.', 3, '2018-10-26 08:47:20', '2018-10-26 08:47:20'),
(62, 5, 'Norwood Terry', 'Repellat qui consectetur repellat vitae repellat. Quam in distinctio officiis.', 3, '2018-10-26 08:47:20', '2018-10-26 08:47:20'),
(63, 19, 'Dr. Shaniya White', 'Veniam aut exercitationem voluptate. Sed et qui fuga voluptatem sapiente voluptatibus quia. Voluptatem dolorem id ratione fugiat et itaque. Error est facere odit inventore nulla. Modi iste et dolorem corrupti quaerat.', 3, '2018-10-26 08:47:20', '2018-10-26 08:47:20'),
(64, 48, 'Jabari Howe IV', 'Ut sit quia eum incidunt eveniet non dignissimos dolorum. Commodi quis eum rem aspernatur. Rerum aut inventore nobis esse nam eos et enim. Iusto nihil eaque consequuntur illum facilis eum.', 3, '2018-10-26 08:47:20', '2018-10-26 08:47:20'),
(65, 35, 'Kathryn Kuhlman Sr.', 'Est quia molestias repellat. Sunt quis harum ipsum ut molestiae. Sapiente sunt et id fugiat.', 1, '2018-10-26 08:47:20', '2018-10-26 08:47:20'),
(66, 45, 'Jarrell Harvey', 'Nam quis eius nisi dolor quibusdam voluptatem eos inventore. Impedit excepturi ipsam voluptatem rerum. Rerum dicta quia sit non minima laboriosam consectetur. Natus quidem dolore odit.', 5, '2018-10-26 08:47:20', '2018-10-26 08:47:20'),
(67, 45, 'Adalberto Ritchie', 'Impedit porro ducimus nisi optio distinctio ut. Similique autem blanditiis deleniti tempore dolore. Magnam dolorem quia harum autem et.', 3, '2018-10-26 08:47:20', '2018-10-26 08:47:20'),
(68, 44, 'Deanna Leannon', 'Deleniti expedita ut quis saepe alias est recusandae. Itaque laudantium error sint non quos. Ut consequatur quasi doloribus aspernatur qui. Accusantium exercitationem sint aut cupiditate voluptatem rerum accusantium. Quibusdam iste sit pariatur consequatur facere unde.', 4, '2018-10-26 08:47:20', '2018-10-26 08:47:20'),
(69, 26, 'Dr. Carlo O\'Kon', 'Soluta vel tempora accusantium ab ipsum dolor nulla consequatur. Dolores nobis natus minus voluptatem ea rerum debitis. Voluptatem a impedit eos molestiae veniam odit deleniti.', 0, '2018-10-26 08:47:20', '2018-10-26 08:47:20'),
(70, 40, 'Louisa Schmidt', 'Fugiat quae vel ut delectus. Ducimus voluptatum atque voluptate fugiat quo. Explicabo incidunt sint quae ut unde.', 4, '2018-10-26 08:47:20', '2018-10-26 08:47:20'),
(71, 30, 'Ms. Haylee Kutch II', 'Tempora sequi rerum officiis doloribus. Ducimus voluptates libero sunt perferendis esse commodi. Vel nulla ipsam quas voluptatem vero.', 5, '2018-10-26 08:47:20', '2018-10-26 08:47:20'),
(72, 48, 'Beulah Ortiz', 'Eum quaerat tenetur expedita alias aspernatur non. Quia minus delectus voluptas numquam velit quo. Autem necessitatibus alias voluptas magni. Non omnis nesciunt dicta tenetur nobis.', 4, '2018-10-26 08:47:20', '2018-10-26 08:47:20'),
(73, 2, 'Morton Ankunding', 'Aliquid deleniti distinctio magnam et a doloremque. Ut magni aliquid commodi aut nesciunt quo libero. Officia vel repudiandae aperiam reprehenderit.', 5, '2018-10-26 08:47:20', '2018-10-26 08:47:20'),
(74, 4, 'Delphine Schinner', 'Ex perspiciatis laboriosam incidunt iste sunt. Consequatur facilis suscipit ullam voluptate et.', 4, '2018-10-26 08:47:20', '2018-10-26 08:47:20'),
(75, 35, 'Cortez Bednar', 'Ad et ipsum ut mollitia harum. Accusantium autem ea repellendus eligendi aliquid et magni. Commodi optio tenetur accusamus aut quae aut. Rerum sit dolorem qui sunt sapiente quo recusandae.', 1, '2018-10-26 08:47:20', '2018-10-26 08:47:20'),
(76, 42, 'Treva Nicolas', 'Hic eum qui voluptatem illo vel debitis dolor. Nobis eius cupiditate ratione rerum velit. Ad quam nulla veniam. Non excepturi eum vel tempora quia.', 5, '2018-10-26 08:47:20', '2018-10-26 08:47:20'),
(77, 25, 'Napoleon Emmerich', 'Libero facilis necessitatibus earum rerum. Voluptas ad ea quod ut. Laboriosam beatae consequatur sed quia inventore.', 5, '2018-10-26 08:47:20', '2018-10-26 08:47:20'),
(78, 11, 'Wiley Lind', 'Doloribus reiciendis fugiat repellat impedit. Et accusamus consectetur voluptatem sit. Quidem neque magnam dolor architecto illo repudiandae.', 0, '2018-10-26 08:47:20', '2018-10-26 08:47:20'),
(79, 33, 'Cole Harvey', 'Ducimus quas magni odio sunt in occaecati. Unde illum ratione aut. Et nobis excepturi unde maxime amet cupiditate optio. Eum ea consequatur debitis odio nam odio.', 3, '2018-10-26 08:47:20', '2018-10-26 08:47:20'),
(80, 41, 'Aidan Monahan', 'Necessitatibus qui sunt voluptate illo itaque. Veniam animi quo voluptatem nesciunt necessitatibus voluptas tempore.', 2, '2018-10-26 08:47:20', '2018-10-26 08:47:20'),
(81, 13, 'Prof. Kraig McKenzie', 'Odit modi modi fuga consequatur qui. Qui quo aut vero consequuntur. Voluptatem labore labore molestiae.', 5, '2018-10-26 08:47:20', '2018-10-26 08:47:20'),
(82, 9, 'Miss Sibyl Stark', 'Debitis voluptas adipisci ut provident magnam. Vel optio deleniti repudiandae iusto et quia. Quia ipsum maxime sed quis.', 3, '2018-10-26 08:47:20', '2018-10-26 08:47:20'),
(83, 16, 'Prof. Vidal Erdman', 'Fuga fuga sapiente corporis dignissimos. Corporis ut iste consequatur. Voluptatibus aut ut doloremque ipsam exercitationem nesciunt. Sit asperiores aperiam sunt sint.', 3, '2018-10-26 08:47:20', '2018-10-26 08:47:20'),
(84, 19, 'Pinkie Armstrong DDS', 'Temporibus tempore dolorem iure voluptatem. Quo optio necessitatibus est. Incidunt et aut non commodi similique aliquid dignissimos repellat. Aspernatur laudantium qui mollitia ut officiis quisquam.', 2, '2018-10-26 08:47:20', '2018-10-26 08:47:20'),
(85, 41, 'Jeramie Fahey', 'Voluptas eius mollitia maxime nobis. Itaque distinctio optio ab placeat minima sapiente. Autem occaecati ipsam repellendus dolorem corporis non. Ut ea corporis quos voluptas.', 5, '2018-10-26 08:47:20', '2018-10-26 08:47:20'),
(86, 50, 'Demetris Hermann', 'Deserunt eveniet natus doloribus et sed libero eos id. Libero ipsum dolorem sed est. Dolorem praesentium sunt culpa vel similique iste saepe.', 3, '2018-10-26 08:47:21', '2018-10-26 08:47:21'),
(87, 19, 'Prof. Judah Oberbrunner MD', 'Ab vel laboriosam inventore dolorem. Occaecati itaque omnis eveniet iste voluptas nihil est. Facilis sunt quam excepturi voluptatem est error.', 4, '2018-10-26 08:47:21', '2018-10-26 08:47:21'),
(88, 21, 'Prof. Ruthe Graham', 'Nisi non autem sint. Nihil quas molestiae velit libero commodi.', 4, '2018-10-26 08:47:21', '2018-10-26 08:47:21'),
(89, 33, 'Sherman Eichmann', 'Sed error autem numquam eaque ad. Fugiat aperiam optio dolores et necessitatibus ex perspiciatis. Eaque esse in laborum aut. Nulla et voluptatem deserunt nulla placeat.', 2, '2018-10-26 08:47:21', '2018-10-26 08:47:21'),
(90, 21, 'Alessandra Hayes', 'In ut possimus omnis reprehenderit. Eveniet repellat magni aliquid expedita facilis ipsam expedita velit. Cupiditate explicabo quasi veritatis qui ipsam vitae quidem. Nesciunt commodi minus illo.', 5, '2018-10-26 08:47:21', '2018-10-26 08:47:21'),
(91, 38, 'Mr. Charlie Reichert IV', 'Sed dolorem maxime perferendis modi quia. Quia id hic et dolor inventore. Voluptatibus est odio id ipsum cum. Eveniet cumque deserunt ut nulla quia nemo earum.', 2, '2018-10-26 08:47:21', '2018-10-26 08:47:21'),
(92, 40, 'Donnell Hayes', 'Iste sit dolores quos earum facere voluptatem. Ut saepe dolorem quibusdam veritatis. Suscipit omnis est alias deserunt ut impedit voluptatibus. Nihil sint libero debitis aut possimus laudantium perspiciatis.', 5, '2018-10-26 08:47:21', '2018-10-26 08:47:21'),
(93, 48, 'Mrs. Laisha Green', 'Rerum sit occaecati dicta. Provident perferendis esse qui eum cumque illo nobis. Eligendi et soluta est. Recusandae voluptates ullam quibusdam nulla voluptatem ut dolore.', 4, '2018-10-26 08:47:21', '2018-10-26 08:47:21'),
(94, 20, 'Pauline Rutherford', 'Recusandae laudantium qui inventore suscipit voluptatem amet non. Enim et provident ab quia deleniti eum nihil. Non non at quisquam iusto at.', 2, '2018-10-26 08:47:21', '2018-10-26 08:47:21'),
(95, 34, 'Loraine Bailey', 'Repellendus quas delectus eligendi rerum cupiditate. Facilis ut qui saepe optio vero. Pariatur et eligendi cupiditate ipsa.', 3, '2018-10-26 08:47:21', '2018-10-26 08:47:21'),
(96, 24, 'Laura Kuvalis', 'Quo dolores provident nulla quae aliquam. Quos soluta aliquid placeat autem vel necessitatibus ipsum. Recusandae eum iusto officiis necessitatibus quis magnam pariatur natus. Itaque sed in sit ea nesciunt.', 5, '2018-10-26 08:47:21', '2018-10-26 08:47:21'),
(97, 34, 'Maya Auer V', 'Quae est inventore fugiat non. Qui sit enim sint sed autem. Eius error expedita iste repudiandae qui.', 4, '2018-10-26 08:47:21', '2018-10-26 08:47:21'),
(98, 39, 'Mr. Cornell Ryan', 'Omnis doloremque voluptatum soluta voluptas vel. Esse et iste dolorem. Facere aperiam rerum est repudiandae corrupti sit impedit. Quod corporis cupiditate aut corrupti sapiente. Inventore rerum et modi debitis.', 3, '2018-10-26 08:47:21', '2018-10-26 08:47:21'),
(99, 42, 'Griffin Mayer', 'Explicabo ratione et deserunt. Neque dolorem voluptatem fuga voluptas. Omnis nam est dolorem a cupiditate molestiae. Aut sapiente quis ipsam in. Aspernatur dolorum vitae id sit nostrum.', 4, '2018-10-26 08:47:21', '2018-10-26 08:47:21'),
(100, 34, 'Ms. Dixie Ziemann PhD', 'Pariatur culpa ea et saepe dolorem in. Laboriosam aut consequatur ad modi quia.', 5, '2018-10-26 08:47:21', '2018-10-26 08:47:21'),
(101, 27, 'Earnestine Dicki DDS', 'Ab cum rem possimus deleniti harum dolor. Minima repellat sequi vero atque sit velit. Facere ut harum voluptatem recusandae harum dicta voluptatem. Alias velit earum voluptas tempore. Ipsa modi atque alias nam saepe qui.', 0, '2018-10-26 08:47:21', '2018-10-26 08:47:21'),
(102, 40, 'Mrs. Meta Kshlerin I', 'Eius dolor enim totam quaerat. Iusto et nulla velit nostrum. Nesciunt nemo officiis id.', 4, '2018-10-26 08:47:21', '2018-10-26 08:47:21'),
(103, 27, 'Prof. Isaiah Schumm', 'Consequatur quae vel voluptatem voluptatem. Sint iure in quis eligendi nihil vel numquam quaerat. Quos et totam soluta cumque.', 0, '2018-10-26 08:47:21', '2018-10-26 08:47:21'),
(104, 4, 'Ms. Vita Becker IV', 'Porro velit sit omnis ut. Laudantium sunt et sint nesciunt voluptas. Ut qui nobis ipsa id voluptatem.', 1, '2018-10-26 08:47:21', '2018-10-26 08:47:21'),
(105, 41, 'Aron Wolf', 'Esse itaque magni vel ipsa ratione nesciunt. Ipsa porro id nam sed necessitatibus quam veniam eveniet. Aliquam aut nam ad quis aut.', 1, '2018-10-26 08:47:21', '2018-10-26 08:47:21'),
(106, 38, 'Westley Moen', 'Velit unde exercitationem velit quo. Qui eos sunt fugiat et dolor quis. Harum quis soluta veniam in alias commodi corporis. Sit nulla odio rerum nobis assumenda id.', 1, '2018-10-26 08:47:21', '2018-10-26 08:47:21'),
(107, 33, 'Karl Kshlerin', 'Error autem dolores et vero sed dolores. Voluptates dolores debitis voluptates facilis. Laudantium mollitia architecto deserunt.', 4, '2018-10-26 08:47:21', '2018-10-26 08:47:21'),
(108, 5, 'Eloisa Marvin', 'Autem beatae porro quisquam ducimus placeat non omnis. Sit maxime non commodi sint dolorem voluptatem. Non quia ullam voluptatem numquam incidunt. Unde voluptas aut non eum aut perspiciatis ratione. Aut beatae quis vero assumenda animi incidunt.', 3, '2018-10-26 08:47:21', '2018-10-26 08:47:21'),
(109, 30, 'Yvonne Weissnat DDS', 'Saepe nam saepe non et aperiam ea eos. Voluptatem itaque omnis id. Ex et dolorem nam est doloribus et. Non explicabo id debitis hic corporis a quia aut.', 2, '2018-10-26 08:47:21', '2018-10-26 08:47:21'),
(110, 24, 'Prof. Corrine Feeney IV', 'Commodi debitis ipsam explicabo qui iste ab libero hic. Aliquam repellendus minima beatae molestiae hic iure ut sit. Magni error maxime sit quae unde. Corporis neque est voluptatem ut veniam repudiandae.', 5, '2018-10-26 08:47:21', '2018-10-26 08:47:21'),
(111, 3, 'Dr. Milan Padberg', 'Est quis labore nesciunt quos et numquam. Id eum repudiandae odio perspiciatis earum. Beatae quaerat sit aut itaque labore laboriosam sapiente. Natus dolores est molestiae iste expedita perspiciatis et assumenda.', 2, '2018-10-26 08:47:21', '2018-10-26 08:47:21'),
(112, 10, 'Freda Kemmer', 'Aut sed excepturi eos dicta ab est ea. Voluptates repellat qui quis. Eum est quos voluptatem non. Aut maiores repellendus sit nemo. Voluptas perspiciatis vel sit non.', 4, '2018-10-26 08:47:21', '2018-10-26 08:47:21'),
(113, 16, 'Gabe Lockman', 'Quibusdam autem magni sit velit vero accusantium quis voluptatibus. Ut quisquam voluptas qui saepe laboriosam sunt quis. Consequuntur voluptas corporis nemo. Similique est reprehenderit in eos perspiciatis. Dolorum pariatur magnam corrupti velit quos.', 1, '2018-10-26 08:47:21', '2018-10-26 08:47:21'),
(114, 41, 'Ellie Wiegand Sr.', 'Commodi rerum ratione qui non. Nostrum rem ratione soluta repellat accusantium sunt. Cum molestias cupiditate asperiores omnis architecto quia. Laboriosam ullam aspernatur omnis.', 1, '2018-10-26 08:47:22', '2018-10-26 08:47:22'),
(115, 13, 'Koby Frami', 'Laborum magni repellendus accusantium autem totam quaerat nostrum. Optio quas vel quisquam eligendi mollitia in officia harum. Voluptates inventore recusandae et alias voluptatem harum perspiciatis.', 1, '2018-10-26 08:47:22', '2018-10-26 08:47:22'),
(116, 15, 'Eugenia Wilkinson PhD', 'Quibusdam distinctio provident dolores exercitationem. Provident illo dolore et fugit et sunt neque. Voluptatum esse exercitationem aperiam asperiores beatae impedit necessitatibus. Perferendis illum nemo perspiciatis mollitia voluptas distinctio. Repellat et repudiandae vel.', 4, '2018-10-26 08:47:22', '2018-10-26 08:47:22'),
(117, 7, 'Dr. Wayne Carroll Jr.', 'Voluptatem rerum maiores eligendi corrupti molestias tempora nemo. Et blanditiis autem ut sit sint a laborum. Autem expedita vitae corporis inventore nesciunt et.', 2, '2018-10-26 08:47:22', '2018-10-26 08:47:22'),
(118, 23, 'Dayana Johnson', 'Veritatis illum dignissimos dolores optio dolorem dolores ea. Consequatur optio rerum eligendi minima pariatur vel. Sunt eligendi ex magnam aliquid aut maiores. Dolorem quo quidem aperiam et dolorem voluptatem veritatis.', 0, '2018-10-26 08:47:22', '2018-10-26 08:47:22'),
(119, 22, 'Prof. Lamar Trantow', 'Dolore et fugiat eos sed est tempore. Et repudiandae facilis asperiores molestiae. Exercitationem aut molestiae sunt perspiciatis.', 2, '2018-10-26 08:47:22', '2018-10-26 08:47:22'),
(120, 46, 'Jaime Sawayn', 'Quis rem magnam repellendus labore accusamus eligendi est. Consectetur nesciunt ex deleniti dicta odit inventore sequi.', 2, '2018-10-26 08:47:22', '2018-10-26 08:47:22'),
(121, 45, 'Mrs. Lilyan Nolan', 'Mollitia rerum non a eius possimus eius et nostrum. Animi neque aut et autem. Molestiae et magnam ut eos.', 1, '2018-10-26 08:47:22', '2018-10-26 08:47:22'),
(122, 46, 'Marcelina Feil', 'Rem eveniet eum maiores harum enim. Minus voluptatem itaque neque quia earum. Quas eveniet et quo.', 3, '2018-10-26 08:47:22', '2018-10-26 08:47:22'),
(123, 46, 'Ilene Kling DDS', 'Totam quo alias eos. Exercitationem tempora non optio nam minima beatae neque vel. Quae nisi aut quos placeat vel. Ipsam laudantium quia quia recusandae commodi alias.', 3, '2018-10-26 08:47:22', '2018-10-26 08:47:22'),
(124, 30, 'Miss Iva Smitham', 'Sint fuga ipsa voluptatem sunt illo cumque nesciunt. Neque eos illo quis neque magni. Illo ea aliquid ut numquam deleniti. Et quis dolore eos voluptatum.', 1, '2018-10-26 08:47:22', '2018-10-26 08:47:22'),
(125, 42, 'Cyril Hammes', 'Fugit autem vero voluptate minima. Accusamus voluptatem nisi vel architecto sint. Modi non illum aspernatur ipsa earum necessitatibus sit.', 3, '2018-10-26 08:47:22', '2018-10-26 08:47:22'),
(126, 44, 'Prof. Skye Kirlin DDS', 'Eum dolorem ducimus qui sint qui. Laudantium sunt unde et omnis doloribus.', 3, '2018-10-26 08:47:22', '2018-10-26 08:47:22'),
(127, 10, 'Jalen Schamberger', 'Itaque quibusdam eum est occaecati asperiores. Molestias iure quasi ad deleniti architecto reiciendis nihil. Labore facilis veniam ullam totam deserunt.', 5, '2018-10-26 08:47:22', '2018-10-26 08:47:22'),
(128, 6, 'Mathilde Spinka', 'Voluptatum labore dolores aut possimus praesentium sed fugiat. Ullam quo dolores rerum autem ea ex magnam. Velit beatae itaque et minima.', 4, '2018-10-26 08:47:22', '2018-10-26 08:47:22'),
(129, 21, 'Dr. Raymundo Zulauf', 'Quis sit magnam beatae voluptatem veniam vero aliquid. Qui aliquam earum eos et corporis. Et pariatur repudiandae ipsam harum porro. Laborum eveniet vitae aut inventore.', 5, '2018-10-26 08:47:22', '2018-10-26 08:47:22'),
(130, 49, 'Audra Stamm', 'Voluptatem amet quo tempora soluta. Eius consequuntur illo quia. Laboriosam ullam molestiae numquam eos quo aspernatur. Facilis dignissimos distinctio eum assumenda quia magnam. Fuga qui dolorem pariatur eum sed corrupti.', 1, '2018-10-26 08:47:22', '2018-10-26 08:47:22'),
(131, 44, 'Ms. Elna Emmerich V', 'Ea sunt sapiente magnam inventore voluptas consequatur. Perferendis numquam mollitia aliquam quisquam. Eius delectus qui illo. Quis ut harum non sequi exercitationem cum. Adipisci numquam velit sit consequatur tenetur.', 4, '2018-10-26 08:47:22', '2018-10-26 08:47:22'),
(132, 9, 'Aimee Wisozk', 'A excepturi a rerum sint harum voluptates odio. Modi sequi nihil corrupti dolore non voluptate blanditiis. Et ratione quod iusto excepturi. Qui excepturi aliquam sed possimus amet quod ratione. Rerum suscipit autem aliquam.', 1, '2018-10-26 08:47:22', '2018-10-26 08:47:22'),
(133, 11, 'Melyssa Smith III', 'Dolor ducimus sunt numquam dolorum vel qui. Et est eum ad atque unde vel assumenda. Vero blanditiis sed quos error. Deleniti nostrum qui exercitationem consequatur eos eos eligendi.', 2, '2018-10-26 08:47:23', '2018-10-26 08:47:23'),
(134, 17, 'Aaron Lueilwitz', 'Qui rerum neque enim iusto. Et eum ut asperiores et fugiat sunt omnis. Quia molestiae fugit impedit beatae.', 5, '2018-10-26 08:47:23', '2018-10-26 08:47:23'),
(135, 14, 'Erin DuBuque', 'Fuga ipsam error quia laborum dolorem ut rerum. Est ad et ipsam saepe et id. Dignissimos dicta earum repudiandae eos dolores dolore odit. Eum perferendis sed recusandae voluptatem iure id voluptate.', 5, '2018-10-26 08:47:23', '2018-10-26 08:47:23'),
(136, 34, 'Freeda Windler DDS', 'Suscipit sunt necessitatibus maxime sed doloremque recusandae aut. Veniam illo et doloribus sed. Molestias alias ut doloribus cum aspernatur. Nemo impedit quis et nostrum eum tempore id. Temporibus vel libero et cumque itaque ratione.', 5, '2018-10-26 08:47:23', '2018-10-26 08:47:23'),
(137, 15, 'Agustin Mraz', 'Perspiciatis saepe nihil ut rerum impedit sunt. Temporibus voluptas dolor commodi dolor hic id sed. Expedita enim et optio eligendi modi sit nulla.', 2, '2018-10-26 08:47:23', '2018-10-26 08:47:23'),
(138, 3, 'Ms. Sandra Quigley', 'Molestiae illum debitis et culpa. Debitis maxime veritatis et suscipit aut dolores autem. Voluptatem quae quibusdam temporibus facere. Repellat quos quas quis iste officiis labore. Aut occaecati hic est aliquid ipsam fugit.', 3, '2018-10-26 08:47:23', '2018-10-26 08:47:23'),
(139, 9, 'Narciso Moen PhD', 'Vitae nihil quae dolor debitis iusto corrupti ad aut. Autem repellat quos odit expedita. Ut veniam et itaque at voluptatem.', 5, '2018-10-26 08:47:23', '2018-10-26 08:47:23'),
(140, 24, 'Mrs. Magdalena Turner Sr.', 'Quo maxime accusantium quasi modi praesentium aspernatur. Molestiae dicta et recusandae perferendis deleniti possimus. Non reprehenderit ea cum. Labore unde ad et a qui sint illo expedita.', 3, '2018-10-26 08:47:23', '2018-10-26 08:47:23'),
(141, 27, 'Houston Herzog DDS', 'Eum nihil doloribus adipisci perspiciatis iure architecto. Occaecati deleniti dolorum ut et quae repellendus. Fugiat in corporis enim culpa. Assumenda omnis voluptatem quibusdam fugiat aperiam provident assumenda.', 5, '2018-10-26 08:47:23', '2018-10-26 08:47:23'),
(142, 25, 'Waylon Gleason', 'Labore rerum dolorem consequatur deserunt aut nulla. Eveniet magni maxime aut. Deserunt rerum sunt sit tempore ut aut.', 1, '2018-10-26 08:47:23', '2018-10-26 08:47:23'),
(143, 44, 'Quinten Pfannerstill', 'Enim aperiam qui laborum iusto cupiditate autem maxime. Itaque ea eos placeat numquam. Et similique modi possimus expedita nihil facilis. Voluptas est doloremque sit minus nesciunt dicta saepe ea.', 0, '2018-10-26 08:47:23', '2018-10-26 08:47:23'),
(144, 42, 'Brian Fritsch', 'Nihil at impedit error voluptas placeat. Molestiae nihil repellat quia aut.', 4, '2018-10-26 08:47:23', '2018-10-26 08:47:23'),
(145, 50, 'Dylan Flatley', 'Et distinctio dolorem architecto odit omnis dolor modi. Cupiditate vel quia quia iusto recusandae. Voluptatem ut ipsum deserunt quis.', 5, '2018-10-26 08:47:23', '2018-10-26 08:47:23'),
(146, 30, 'Mrs. Kristy Block IV', 'Et repellat beatae odit qui modi consectetur quas. Accusantium aperiam magnam dolorum. Debitis sequi eos libero eaque excepturi omnis sit. Et consectetur alias nam molestiae.', 3, '2018-10-26 08:47:23', '2018-10-26 08:47:23'),
(147, 7, 'Dr. Josianne Feil', 'Officiis magnam est nam odit aut. Aut voluptas sit ullam ut et error deserunt. Eaque ut ullam ratione numquam aperiam dolorum laborum. Quos fugiat beatae numquam suscipit cumque reprehenderit quis. Iure consectetur voluptas dolorum dolor.', 1, '2018-10-26 08:47:23', '2018-10-26 08:47:23'),
(148, 33, 'Prof. Raul Lehner', 'Voluptates deleniti accusamus dolor perferendis est cumque. In consequatur rerum quos eum voluptatibus. Natus maiores consequatur delectus quas. Alias optio id quia et.', 2, '2018-10-26 08:47:23', '2018-10-26 08:47:23'),
(149, 12, 'Krystina Boehm', 'Pariatur facilis non natus deserunt ab ullam. Dicta ducimus recusandae aut quod. Ipsam et ea quia non laboriosam.', 0, '2018-10-26 08:47:23', '2018-10-26 08:47:23'),
(150, 11, 'Prof. Hayden Jenkins', 'Possimus dolor accusantium distinctio sed rerum repellat corrupti. Reprehenderit consequatur labore et soluta. Modi non omnis eos.', 2, '2018-10-26 08:47:23', '2018-10-26 08:47:23'),
(151, 18, 'Shawn Berge', 'At id corrupti dolores voluptates. Numquam quibusdam aut quia veritatis est. Non reprehenderit labore corporis beatae aut earum voluptatum laborum.', 3, '2018-10-26 08:47:23', '2018-10-26 08:47:23'),
(152, 11, 'Prof. Ottis Mann', 'Perferendis expedita eaque eaque tenetur adipisci corporis. Esse voluptas velit autem delectus quasi qui cupiditate. Consequatur similique odio molestiae debitis vel.', 2, '2018-10-26 08:47:23', '2018-10-26 08:47:23'),
(153, 28, 'Skylar Bradtke', 'Voluptas explicabo facilis veritatis dolor et et molestiae laborum. Officia delectus placeat omnis id vitae sit. Repellat enim doloribus tempore voluptas autem at itaque.', 0, '2018-10-26 08:47:23', '2018-10-26 08:47:23'),
(154, 1, 'Fidel Padberg', 'Est optio repudiandae quo velit iure. Rerum dolor quasi quisquam hic quidem occaecati at. Odio omnis et laborum architecto impedit eius.', 4, '2018-10-26 08:47:23', '2018-10-26 08:47:23'),
(155, 44, 'Dr. Liam Larkin Sr.', 'Dolorem ab omnis dolore ad voluptas alias omnis. Error sit et omnis quam. Molestiae laboriosam est quis enim. Voluptatem ad itaque quisquam dicta.', 4, '2018-10-26 08:47:23', '2018-10-26 08:47:23'),
(156, 18, 'Maymie Johnston', 'Voluptas accusamus quia animi earum laudantium ratione. Reprehenderit quod aut eveniet dolorem reprehenderit non dolorem maiores. Sit omnis nobis consequatur eveniet similique et atque.', 2, '2018-10-26 08:47:23', '2018-10-26 08:47:23'),
(157, 10, 'Dena Feil DDS', 'Excepturi consequatur quasi qui ut fugit illo illo. Modi aut amet assumenda omnis esse qui. Ut error et corrupti eos nihil qui ratione dolores. Suscipit alias architecto mollitia omnis consequatur est qui. Nisi qui molestiae quam ut.', 1, '2018-10-26 08:47:23', '2018-10-26 08:47:23'),
(158, 45, 'Dr. Gretchen Breitenberg', 'Consectetur et doloribus quia et facilis possimus et. Facere alias eaque est eum aspernatur ut veniam. Fugiat ad odit eius qui. Nostrum culpa soluta dolorem ut.', 0, '2018-10-26 08:47:24', '2018-10-26 08:47:24'),
(159, 1, 'Parker Jacobs', 'Dolores autem incidunt ut iusto totam quam. Quis mollitia fugit dolorem ut at sequi sit omnis. Impedit eum quam consequatur quae.', 5, '2018-10-26 08:47:24', '2018-10-26 08:47:24'),
(160, 45, 'Maximilian Lynch', 'Tempore ut et sit quas. Sed nemo numquam repellendus. Fuga quisquam saepe maiores quisquam iure. Rerum dolores culpa laudantium vitae.', 3, '2018-10-26 08:47:24', '2018-10-26 08:47:24'),
(161, 20, 'Noe Wilderman', 'Et soluta sit rerum voluptate ut ratione debitis. Animi velit officiis mollitia enim qui. Voluptas accusamus consequatur inventore odit assumenda. Veniam dolorem et eum.', 2, '2018-10-26 08:47:24', '2018-10-26 08:47:24'),
(162, 18, 'Madison Labadie', 'Eos soluta omnis blanditiis aut. Consectetur ut et consequatur fuga ab. Pariatur modi laboriosam dolor consequuntur excepturi ab. Hic unde laborum a tempore iure repellendus fugiat.', 2, '2018-10-26 08:47:24', '2018-10-26 08:47:24'),
(163, 36, 'Josephine Hills', 'Atque sed sit voluptates dolorem cumque consequatur explicabo. Dolorem deleniti voluptatem sapiente in. Dolorum aliquid iste eaque harum modi magni quo. Doloremque consequatur magnam hic suscipit rerum.', 1, '2018-10-26 08:47:24', '2018-10-26 08:47:24'),
(164, 18, 'Jamel O\'Kon II', 'Culpa debitis et nulla sit quis adipisci. Odio excepturi esse voluptate consequuntur. Accusantium eaque illum tenetur aut et repudiandae veniam.', 3, '2018-10-26 08:47:24', '2018-10-26 08:47:24'),
(165, 6, 'Edwin Kuhn', 'Quam deleniti quia numquam qui dicta. Et veniam harum reprehenderit. Vel at facilis blanditiis minima necessitatibus beatae.', 2, '2018-10-26 08:47:24', '2018-10-26 08:47:24'),
(166, 39, 'Deshawn Grant', 'Et provident laboriosam consectetur minus error nulla voluptatem. Iure molestiae architecto ratione nobis commodi. Doloremque velit quasi et repellendus ut itaque quae eius. Id adipisci quibusdam qui sed libero nesciunt accusantium.', 3, '2018-10-26 08:47:24', '2018-10-26 08:47:24'),
(167, 5, 'Dr. Reed Lemke DDS', 'Sit magnam doloremque ea ex a laudantium. Ex laboriosam cumque vel dolore. Est necessitatibus dolore debitis nisi.', 1, '2018-10-26 08:47:24', '2018-10-26 08:47:24'),
(168, 19, 'Heber Murazik', 'Consectetur nihil commodi architecto iste et nam. Dolor voluptatem perspiciatis incidunt occaecati ex sint totam. Tempora nemo quia qui voluptatum. Quia ad nihil et cum et.', 2, '2018-10-26 08:47:24', '2018-10-26 08:47:24'),
(169, 18, 'Kenyon Osinski', 'Ad voluptate reprehenderit nemo quis nulla aspernatur sit. Dolore modi libero doloribus suscipit eos cupiditate doloribus et. Nisi quia aut earum neque nesciunt veritatis. Quasi velit recusandae eligendi iste in sit quas.', 2, '2018-10-26 08:47:24', '2018-10-26 08:47:24'),
(170, 27, 'Rylan Kiehn', 'Illum at aut autem. Voluptas porro et dolor blanditiis in qui. Occaecati sint qui magnam sunt impedit incidunt occaecati. Inventore maiores est maiores.', 1, '2018-10-26 08:47:24', '2018-10-26 08:47:24'),
(171, 6, 'Icie Cartwright', 'Unde possimus qui nemo corrupti libero et minus. Illum dolores magnam aut vel. Ullam nihil perspiciatis sint expedita. Quia est repudiandae et.', 2, '2018-10-26 08:47:24', '2018-10-26 08:47:24'),
(172, 6, 'Jerod Treutel', 'Facere nam at maxime. Culpa esse aut quia aut omnis consequatur et.', 1, '2018-10-26 08:47:24', '2018-10-26 08:47:24'),
(173, 50, 'Guillermo Howe', 'Enim laboriosam illo rem maiores voluptate animi architecto. Ipsum fuga consequuntur quibusdam eos quidem laboriosam facilis. Autem ut aliquam earum reprehenderit est hic debitis.', 1, '2018-10-26 08:47:24', '2018-10-26 08:47:24'),
(174, 18, 'Myrl Monahan V', 'Nesciunt architecto cum adipisci quo consequatur. Beatae in laborum quos est sint distinctio dolor. Quaerat mollitia repellat quasi quia libero in itaque consequatur.', 0, '2018-10-26 08:47:24', '2018-10-26 08:47:24'),
(175, 7, 'Mr. Irwin Hermiston', 'Accusantium amet repudiandae iusto eaque iusto reiciendis possimus nobis. Repudiandae asperiores eveniet dignissimos ea. Optio eum recusandae eos expedita culpa laudantium ad. Eveniet ut pariatur et.', 0, '2018-10-26 08:47:24', '2018-10-26 08:47:24'),
(176, 5, 'Kamren Hudson', 'Nulla assumenda voluptatem quo dolores voluptates laudantium expedita. Ratione qui aut molestiae recusandae reprehenderit et. Delectus est dolorem repellendus nulla nostrum placeat. Et culpa qui assumenda est nemo. Cum ut eos maiores rem.', 3, '2018-10-26 08:47:24', '2018-10-26 08:47:24'),
(177, 13, 'Jaydon Wisozk', 'Dolore veniam quia earum sint rerum molestiae est. Qui ratione laboriosam quia ab. Ut ut sit eius.', 0, '2018-10-26 08:47:24', '2018-10-26 08:47:24'),
(178, 15, 'Arvel O\'Keefe', 'Quod cum iure aut nam libero delectus. Tenetur dolores soluta eos inventore consectetur repudiandae. Enim non architecto praesentium rem dolorem incidunt. Deserunt aut sapiente hic harum rerum provident.', 1, '2018-10-26 08:47:24', '2018-10-26 08:47:24'),
(179, 28, 'Bartholome Ward', 'Pariatur neque in rem eveniet animi voluptatem. Earum nulla eveniet earum consequatur sed qui quam. Eum est non est ut quis et sed.', 5, '2018-10-26 08:47:24', '2018-10-26 08:47:24'),
(180, 26, 'Nya Schroeder', 'Officiis impedit ut qui est corporis. Iste qui at repellat perspiciatis dolor odit est. Quaerat vero eum consequatur ad aliquam.', 5, '2018-10-26 08:47:24', '2018-10-26 08:47:24'),
(181, 19, 'Sally Mosciski', 'Facere quia et ea omnis vel. Ullam quae libero mollitia consequatur. Reprehenderit sed architecto dolor debitis voluptatum voluptatem architecto. Optio in ut in.', 5, '2018-10-26 08:47:24', '2018-10-26 08:47:24'),
(182, 13, 'Toby Thiel', 'Quam similique nisi quo tenetur aut impedit. Esse et eligendi qui eius nam in. Consectetur molestiae quos non voluptas provident. Vero ut fugiat omnis odio fugit laudantium.', 3, '2018-10-26 08:47:24', '2018-10-26 08:47:24'),
(183, 30, 'Ari Eichmann', 'Vel dolor itaque qui qui. Adipisci consequuntur eligendi vero ut. Nihil itaque excepturi dolor veniam eveniet ullam voluptas. Laboriosam iure nobis cum voluptatem.', 5, '2018-10-26 08:47:24', '2018-10-26 08:47:24'),
(184, 5, 'Clark Prosacco', 'Est dolore consequatur adipisci modi et. Et accusantium a eveniet laboriosam odit. Veritatis sed porro sed dolorum.', 1, '2018-10-26 08:47:24', '2018-10-26 08:47:24'),
(185, 29, 'Ms. Virgie Denesik PhD', 'Ut eveniet mollitia ea magni magnam non nesciunt incidunt. Sunt consequuntur itaque vitae earum. Blanditiis cupiditate tempore et ullam cum sunt magnam.', 3, '2018-10-26 08:47:25', '2018-10-26 08:47:25'),
(186, 18, 'Travon Runte', 'Qui animi voluptatum sapiente aliquam ut molestiae. Est rerum saepe sunt. Ea dolorum deserunt corrupti eveniet nemo illum.', 2, '2018-10-26 08:47:25', '2018-10-26 08:47:25'),
(187, 2, 'Travon Olson Jr.', 'Expedita iure eos eveniet. Voluptatem est debitis consequuntur omnis.', 2, '2018-10-26 08:47:25', '2018-10-26 08:47:25'),
(188, 5, 'Janiya Haley', 'Quo suscipit voluptas doloremque facilis aut quo eos. Architecto occaecati corporis veniam voluptas dolorem asperiores quae. Est pariatur reprehenderit eveniet ut fuga suscipit voluptas.', 3, '2018-10-26 08:47:25', '2018-10-26 08:47:25'),
(189, 4, 'Hayden Daugherty', 'Sed voluptatem officia soluta dolorum quasi. Cumque qui quia nisi deserunt corrupti.', 3, '2018-10-26 08:47:25', '2018-10-26 08:47:25'),
(190, 8, 'Prof. Jamal Feil II', 'Dolores non quia eligendi eos. Nam nulla veniam numquam expedita deserunt. Doloremque architecto repellat ducimus odio temporibus quas est.', 1, '2018-10-26 08:47:25', '2018-10-26 08:47:25'),
(191, 11, 'Jan Huel PhD', 'Ut eos inventore esse dignissimos cum tenetur deserunt. Saepe ut ad id ut. Itaque consequatur vel dolores et. Voluptas et voluptatem voluptates rerum.', 0, '2018-10-26 08:47:25', '2018-10-26 08:47:25'),
(192, 19, 'Bridgette McClure', 'Molestiae ex ullam corrupti inventore aut. Autem animi in quia aut neque beatae. Magnam et blanditiis quia doloribus quaerat. Quia in itaque voluptatem doloremque consequatur incidunt.', 0, '2018-10-26 08:47:25', '2018-10-26 08:47:25'),
(193, 37, 'Tre Considine', 'Sit dolorem doloremque tempora qui. Veritatis aut occaecati animi voluptas est ea. Error nihil rerum excepturi dicta.', 1, '2018-10-26 08:47:25', '2018-10-26 08:47:25'),
(194, 18, 'Brycen Wisozk', 'Fugit est nesciunt cupiditate est ratione impedit. Soluta est id dolores aliquid et dolor eligendi. Consectetur dolorem debitis est dolore reprehenderit qui facere. Voluptas vitae odit ab et enim fugiat architecto aut.', 1, '2018-10-26 08:47:25', '2018-10-26 08:47:25'),
(195, 47, 'Myrtie Krajcik III', 'Eos minus ut et excepturi neque labore in. Quod dicta eum velit magnam. Quos voluptas similique qui autem laborum dolorem. Voluptates saepe est officiis nihil est qui.', 1, '2018-10-26 08:47:25', '2018-10-26 08:47:25'),
(196, 50, 'Maryse Kuhlman', 'Eius deserunt rem nulla soluta non culpa laborum. Placeat eius consectetur ut. Ut sed impedit doloremque aut voluptatum ut. Mollitia autem atque dolor consequatur veritatis commodi.', 2, '2018-10-26 08:47:25', '2018-10-26 08:47:25'),
(197, 30, 'Chelsey Schumm', 'Consequatur ea in nobis. Accusantium porro rerum et culpa maiores minima. Non nihil eius aut et sed et.', 2, '2018-10-26 08:47:25', '2018-10-26 08:47:25'),
(198, 31, 'Chasity Mayert', 'Id omnis dolores consequuntur. Ipsum corrupti inventore ipsam non quis laborum. Qui vel est accusamus iste minus et illum. Sed aut nihil autem eius sed.', 0, '2018-10-26 08:47:25', '2018-10-26 08:47:25'),
(199, 27, 'Ms. Luz Prosacco', 'Unde tempora nihil autem veniam ut et sit. Qui adipisci sit ut recusandae totam ipsum ut. Pariatur magnam est reprehenderit doloribus corrupti et. Nihil et maxime dolores est qui qui.', 5, '2018-10-26 08:47:25', '2018-10-26 08:47:25'),
(200, 17, 'Ryann Muller', 'Officia sed repellendus provident molestiae et omnis. Aut unde qui veniam dolorem sapiente earum. Eligendi sapiente deserunt nemo tempora.', 5, '2018-10-26 08:47:25', '2018-10-26 08:47:25'),
(201, 21, 'Prof. Marlene Gutkowski', 'Qui et ut rerum voluptatum perspiciatis odit et a. Omnis sint facere commodi. Aut quia voluptatibus vel aut et.', 5, '2018-10-26 08:47:25', '2018-10-26 08:47:25'),
(202, 28, 'Lera Kshlerin', 'Fuga alias nam odit ullam qui qui aut consequuntur. Est aut consequuntur quas distinctio atque quos culpa. Eum vel itaque id. Velit minima eius eius unde ut ut mollitia.', 4, '2018-10-26 08:47:25', '2018-10-26 08:47:25'),
(203, 15, 'Mr. Arvid Hessel', 'Veniam magni itaque quam vitae fugit ratione et. Vel a doloremque eaque beatae quos qui non. Consectetur rerum quia aspernatur est eligendi inventore. Distinctio expedita voluptatum debitis velit commodi tenetur. Debitis animi et molestiae unde sint recusandae illum.', 3, '2018-10-26 08:47:25', '2018-10-26 08:47:25'),
(204, 23, 'Ms. Margret Prohaska I', 'Non est dignissimos tenetur assumenda dolorum. Eos est rerum dolor pariatur vitae. Dicta unde asperiores porro alias quo et laboriosam.', 4, '2018-10-26 08:47:25', '2018-10-26 08:47:25'),
(205, 39, 'Kenyon Lebsack', 'Quia ut non quis rerum accusamus voluptatum. Accusantium vitae libero id quam similique rerum. Nobis odit in ratione illum omnis. Consequatur minus mollitia necessitatibus. Molestiae iure omnis veritatis molestiae ipsa nostrum.', 4, '2018-10-26 08:47:25', '2018-10-26 08:47:25'),
(206, 24, 'Miss Gladyce Ledner Jr.', 'Dignissimos totam pariatur sit mollitia. Nulla voluptatem nesciunt omnis omnis nobis. Eum iure placeat dolorem rerum voluptatem illo culpa.', 1, '2018-10-26 08:47:25', '2018-10-26 08:47:25'),
(207, 33, 'Amy O\'Keefe', 'Magni dolor qui id ut facilis. Illo quisquam ut maxime provident doloremque quia. Exercitationem vel porro aut quaerat id. Dolore voluptatibus soluta possimus.', 3, '2018-10-26 08:47:25', '2018-10-26 08:47:25'),
(208, 27, 'Susie Mosciski', 'Explicabo possimus vitae adipisci eius. Expedita atque est ipsam minus non. Beatae id suscipit autem voluptatum quo non fuga in. Eum quidem commodi debitis deserunt est ea. Vel est illo distinctio quia corrupti amet.', 0, '2018-10-26 08:47:25', '2018-10-26 08:47:25');
INSERT INTO `reviews` (`id`, `product_id`, `customer`, `review`, `star`, `created_at`, `updated_at`) VALUES
(209, 28, 'Martine Green', 'Voluptas ut et quam in impedit distinctio accusantium illum. In est facilis totam sunt qui doloremque deserunt. Doloremque harum voluptatem iste optio qui et. Quasi delectus commodi dolores eveniet voluptates eum.', 1, '2018-10-26 08:47:26', '2018-10-26 08:47:26'),
(210, 30, 'Prof. Finn Purdy II', 'In deserunt hic ex nihil facere distinctio consequatur. Exercitationem molestias quia et dolor aperiam quidem sunt qui. Est voluptas labore odio accusamus aspernatur.', 4, '2018-10-26 08:47:26', '2018-10-26 08:47:26'),
(211, 28, 'Mrs. Kathryne Hodkiewicz IV', 'In explicabo voluptas soluta voluptatem. Fugit et sit aspernatur voluptas. Et perspiciatis ad debitis ea perspiciatis non.', 3, '2018-10-26 08:47:26', '2018-10-26 08:47:26'),
(212, 23, 'Prof. Peyton Altenwerth DVM', 'Est voluptates magnam cupiditate sunt rerum sit. Sint dolore ipsam voluptate molestias. Voluptas in repellendus qui quidem est fugit et. Facere optio tenetur hic nobis quo quaerat ea nihil.', 1, '2018-10-26 08:47:26', '2018-10-26 08:47:26'),
(213, 50, 'Dr. Rafael Friesen', 'Dignissimos dicta ea id sit. Sed natus et aut voluptatem commodi. Est magnam ducimus consequatur praesentium consequatur. Vitae placeat vel ab aspernatur quis repellat sed.', 0, '2018-10-26 08:47:26', '2018-10-26 08:47:26'),
(214, 25, 'Miss Vida Shanahan', 'Aut enim ex perspiciatis harum qui velit ut. Perferendis eius rerum doloremque temporibus molestiae.', 5, '2018-10-26 08:47:26', '2018-10-26 08:47:26'),
(215, 4, 'Prof. Jamir Bins', 'Delectus nesciunt est eaque et. Corporis facere omnis nulla alias incidunt ea nam. Praesentium ut facere quis est. Omnis illum non repellendus alias perferendis voluptas ab. Quos voluptas dolorem minus est cumque ex.', 3, '2018-10-26 08:47:26', '2018-10-26 08:47:26'),
(216, 32, 'Nils Will', 'Enim expedita nam voluptatem qui eum. Ullam porro quam ipsa. Aut dolorem ea fuga facilis aut.', 2, '2018-10-26 08:47:26', '2018-10-26 08:47:26'),
(217, 40, 'Jana Ryan I', 'Et quos eveniet ipsam. Tenetur deserunt cum voluptatem blanditiis enim est illum corrupti. Ipsum earum voluptas quod unde et.', 2, '2018-10-26 08:47:26', '2018-10-26 08:47:26'),
(218, 31, 'Magnolia Harris Jr.', 'Quam sed sapiente dicta voluptas officiis. Vitae omnis exercitationem non autem velit sapiente doloremque et. Sed voluptate omnis quam at excepturi ea fugiat. Qui vitae qui ab molestias.', 2, '2018-10-26 08:47:26', '2018-10-26 08:47:26'),
(219, 41, 'Prof. Cleta Steuber IV', 'Facere quo officia dolor at molestiae magni. Corrupti sed numquam nemo sed officia. Aut odit optio iusto quo consequatur.', 5, '2018-10-26 08:47:26', '2018-10-26 08:47:26'),
(220, 26, 'Grady Bauch', 'Animi repellendus iure accusamus reprehenderit et corporis sed. Aliquam repudiandae doloribus aperiam repellendus debitis sit. Ducimus omnis laborum quos molestiae eveniet quod.', 3, '2018-10-26 08:47:26', '2018-10-26 08:47:26'),
(221, 4, 'Emelia Cartwright', 'Tenetur ratione iure et recusandae provident. Error rerum laudantium architecto cupiditate qui. Facere inventore officiis blanditiis facere illo voluptatem est accusantium. Quis rerum quibusdam incidunt vel.', 3, '2018-10-26 08:47:26', '2018-10-26 08:47:26'),
(222, 40, 'Sylvan Christiansen', 'Voluptate quia reiciendis eaque ducimus. Facilis enim praesentium ut nostrum provident maxime.', 5, '2018-10-26 08:47:26', '2018-10-26 08:47:26'),
(223, 14, 'Kieran Rempel', 'Quia veritatis sit consequatur molestiae voluptatem voluptate laborum ea. Voluptatem autem et voluptatem et doloribus et aliquam. Repudiandae perspiciatis quia veritatis blanditiis voluptate quia ea.', 0, '2018-10-26 08:47:26', '2018-10-26 08:47:26'),
(224, 17, 'Dr. Sophie Hamill PhD', 'Molestiae minima voluptas et expedita dolorem. Sit cumque ut corporis delectus aut quaerat corporis. Rerum nesciunt placeat aliquid.', 1, '2018-10-26 08:47:26', '2018-10-26 08:47:26'),
(225, 21, 'Andrew Gibson', 'Quia tempora et possimus fuga ut. Deserunt rerum vitae minima inventore hic non aliquam. Sint est beatae quas voluptas et ea.', 1, '2018-10-26 08:47:26', '2018-10-26 08:47:26'),
(226, 33, 'Porter Hill', 'Iusto minima est sed odit deserunt eaque. Dolorum et ipsum nobis sequi aut rerum. Minus commodi nesciunt quis nulla. Maiores perspiciatis nemo vero iure modi sequi molestias.', 4, '2018-10-26 08:47:26', '2018-10-26 08:47:26'),
(227, 29, 'Ron Rempel', 'Impedit dolor voluptatem natus necessitatibus. Dolores nulla occaecati hic possimus aut rerum ea enim. Suscipit ullam dicta cumque. Labore velit natus consequuntur.', 3, '2018-10-26 08:47:26', '2018-10-26 08:47:26'),
(228, 22, 'Dariana Bogan', 'Eaque vero tempora cum doloremque ea quasi in vero. Et architecto eveniet nulla dolores recusandae. Fugit cumque dolorem ex ipsa.', 1, '2018-10-26 08:47:26', '2018-10-26 08:47:26'),
(229, 13, 'Maye Schaefer', 'Assumenda aut perferendis et omnis aperiam. Praesentium dolor nesciunt est eligendi praesentium.', 1, '2018-10-26 08:47:26', '2018-10-26 08:47:26'),
(230, 32, 'Hilton Quigley', 'Ullam molestias quod ea et quibusdam doloremque sapiente. Quo sequi optio enim tempora neque omnis dolor optio. Magni quia dolorem consequuntur.', 2, '2018-10-26 08:47:26', '2018-10-26 08:47:26'),
(231, 30, 'Kaylie Davis', 'Quam ullam minus deleniti nihil. Magni sunt reprehenderit enim esse fuga consectetur. Quis quaerat quae id sed possimus.', 4, '2018-10-26 08:47:27', '2018-10-26 08:47:27'),
(232, 49, 'Ms. Hermina McLaughlin II', 'Eum maxime modi et illum dolores qui ipsa. Assumenda expedita non vero consequatur. Repellendus quos voluptatem at sequi voluptas voluptatibus nihil.', 4, '2018-10-26 08:47:27', '2018-10-26 08:47:27'),
(233, 1, 'Ms. Allie Grant', 'Deserunt sed recusandae laudantium voluptate est adipisci. Eum consequatur sint distinctio debitis. Laboriosam sit est non veniam.', 5, '2018-10-26 08:47:27', '2018-10-26 08:47:27'),
(234, 9, 'Kariane Sanford', 'Excepturi corporis debitis rerum incidunt et fuga. Corrupti veritatis explicabo quibusdam quidem. Sed et deleniti earum rem.', 5, '2018-10-26 08:47:27', '2018-10-26 08:47:27'),
(235, 7, 'Shany Lind', 'Nemo non harum sint mollitia voluptatem similique et. Totam et ea qui magni molestiae. Sapiente ratione labore quia sapiente aut eos fuga ut. Excepturi explicabo aut in repellendus aliquam quisquam.', 2, '2018-10-26 08:47:27', '2018-10-26 08:47:27'),
(236, 19, 'Irwin Tillman', 'Et in quia necessitatibus nam. Aspernatur tempora et nesciunt sint tempore fugiat. Sit velit iusto ea sint et.', 3, '2018-10-26 08:47:27', '2018-10-26 08:47:27'),
(237, 48, 'Dorthy O\'Reilly', 'Aut est quas nobis non eum dignissimos perspiciatis. Alias inventore cum provident voluptas sapiente. Optio illo voluptatem et fugit.', 2, '2018-10-26 08:47:27', '2018-10-26 08:47:27'),
(238, 30, 'Howard Aufderhar', 'Consequatur magni natus quis accusantium laboriosam. Inventore ut voluptatem quis reiciendis. Illo quis error inventore id. Vel dolorem ducimus tenetur soluta vitae rerum fugiat omnis.', 0, '2018-10-26 08:47:27', '2018-10-26 08:47:27'),
(239, 19, 'Dr. Itzel Mante', 'Alias sapiente rem est impedit veniam autem qui eum. Cupiditate rerum et consequatur quia. Blanditiis ut dolore delectus facilis. Vel quo tempora laboriosam nemo doloremque.', 4, '2018-10-26 08:47:27', '2018-10-26 08:47:27'),
(240, 10, 'Terrance Wisozk', 'Maiores officiis officia expedita neque excepturi. Fugiat impedit porro eveniet quisquam cupiditate. Provident quibusdam facere cum tempora omnis voluptatem. Reiciendis perspiciatis provident repellendus.', 2, '2018-10-26 08:47:27', '2018-10-26 08:47:27'),
(241, 31, 'Teagan Reilly', 'Repellendus sed aut magnam quo tenetur quidem. Repellendus recusandae quaerat quo corrupti. Impedit voluptatem eveniet doloremque rerum voluptatem. Quia veritatis eum magnam amet consequatur cumque voluptas.', 5, '2018-10-26 08:47:27', '2018-10-26 08:47:27'),
(242, 21, 'Amely Cremin', 'Ipsam voluptas nesciunt id voluptas molestias quo est esse. Ut in voluptatibus quis nobis. Error earum consectetur deserunt tenetur aut cum. Quia eaque incidunt cum omnis tenetur est. Dolorum ab eligendi officiis.', 0, '2018-10-26 08:47:27', '2018-10-26 08:47:27'),
(243, 9, 'Elizabeth Brown', 'Beatae unde in hic distinctio vitae quia. Dolores ut ut fuga numquam doloribus. Et dolore aliquam voluptates officia. Voluptatem dolores blanditiis quia.', 1, '2018-10-26 08:47:27', '2018-10-26 08:47:27'),
(244, 8, 'Maggie Bauch', 'Hic recusandae assumenda rem autem et. Eos ipsa nemo at voluptatibus eos asperiores. Nesciunt quae ratione explicabo quibusdam. Ea autem aliquam suscipit deleniti placeat ullam quis.', 4, '2018-10-26 08:47:27', '2018-10-26 08:47:27'),
(245, 8, 'Dr. Rodolfo Powlowski', 'Aut qui illum quos qui veniam commodi est. Placeat vero in dicta voluptas et et illum suscipit. Nostrum illum odio corrupti doloremque dolor.', 4, '2018-10-26 08:47:27', '2018-10-26 08:47:27'),
(246, 50, 'Aleen Okuneva', 'Cumque dolorem quaerat ad similique perspiciatis. Accusantium quia corporis harum libero magnam occaecati.', 5, '2018-10-26 08:47:27', '2018-10-26 08:47:27'),
(247, 42, 'Mireya Mosciski', 'Maxime molestiae modi et saepe. Est non voluptatem et. Reprehenderit aut vel hic minima eligendi non nobis quas. Dolor fugit hic nobis rerum.', 5, '2018-10-26 08:47:27', '2018-10-26 08:47:27'),
(248, 7, 'Mr. Bailey Frami', 'Quia occaecati qui aut veritatis et. Sapiente debitis fugit sint autem. Eveniet architecto corrupti velit qui voluptatem. Est quod sed in totam. Est quam tempore praesentium delectus et.', 1, '2018-10-26 08:47:27', '2018-10-26 08:47:27'),
(249, 15, 'Charlie Gusikowski', 'Numquam tenetur illo eos id. Et iusto eligendi aperiam qui dolorem maxime dolor.', 2, '2018-10-26 08:47:27', '2018-10-26 08:47:27'),
(250, 35, 'Zella Nader MD', 'Facilis aut est ad dolor architecto doloremque iste. Aut sed voluptate sed voluptatem doloremque veritatis. Dolor reprehenderit rerum quo accusamus sed. Voluptatem consequuntur sit porro praesentium illum eveniet.', 3, '2018-10-26 08:47:28', '2018-10-26 08:47:28'),
(251, 29, 'Leonor Ward', 'Ipsum voluptas similique quia neque est est eveniet. Qui iusto iste non. Voluptatem maiores nam harum autem voluptatem et libero perferendis.', 1, '2018-10-26 08:47:28', '2018-10-26 08:47:28'),
(252, 23, 'Jamar Corwin II', 'Optio doloremque quod nihil. Non voluptatem quam ab veniam ex totam consequatur. Dolores velit pariatur et est qui omnis. Voluptatem nihil necessitatibus voluptate quia fuga.', 0, '2018-10-26 08:47:28', '2018-10-26 08:47:28'),
(253, 45, 'Ben Stamm', 'Quam aspernatur non consectetur rerum nam. Est quae quo perferendis et et consequatur deserunt eligendi. Tempore voluptas labore et et eaque laudantium laboriosam.', 5, '2018-10-26 08:47:28', '2018-10-26 08:47:28'),
(254, 27, 'Lindsey Bahringer', 'Totam ipsum aut dolores similique occaecati doloribus ratione voluptatem. Deserunt quisquam omnis est. Qui et temporibus neque molestiae.', 4, '2018-10-26 08:47:28', '2018-10-26 08:47:28'),
(255, 40, 'Nedra Yundt', 'Fugit repellat consectetur tempore ut blanditiis inventore. Non est corporis aut magni cum saepe. Iusto exercitationem est libero nesciunt. Et laboriosam sed veniam non.', 3, '2018-10-26 08:47:28', '2018-10-26 08:47:28'),
(256, 17, 'Karlee Padberg', 'Quia qui et exercitationem placeat ipsam. Labore necessitatibus ullam velit illum.', 1, '2018-10-26 08:47:28', '2018-10-26 08:47:28'),
(257, 42, 'Albina Yundt', 'At tenetur est voluptatem excepturi quisquam. Quis dicta reiciendis occaecati. Mollitia neque omnis et voluptatem amet est id. Ullam sint cum dolores.', 4, '2018-10-26 08:47:28', '2018-10-26 08:47:28'),
(258, 18, 'Jermaine Herman', 'Labore sed doloremque corporis fugiat id at. Est quam voluptas qui vel molestias deleniti. Iste ab molestiae cum.', 0, '2018-10-26 08:47:28', '2018-10-26 08:47:28'),
(259, 28, 'Mckenna Lakin', 'Enim sunt mollitia sed. Vero voluptatem sunt recusandae quae veniam. Expedita quas pariatur atque laudantium. Sint ut quam qui deserunt quo.', 3, '2018-10-26 08:47:28', '2018-10-26 08:47:28'),
(260, 25, 'Prof. Ivy Runolfsdottir', 'Consequuntur aliquam dolor sequi ut nemo laborum. Et velit aut saepe sunt quidem quod.', 1, '2018-10-26 08:47:28', '2018-10-26 08:47:28'),
(261, 11, 'Miss Maud Bartoletti', 'Ea non iste perferendis pariatur vel. Qui nisi ipsa doloribus illo voluptatibus debitis et.', 4, '2018-10-26 08:47:28', '2018-10-26 08:47:28'),
(262, 14, 'Dr. Eloy Ondricka', 'Atque labore vitae quae facere laudantium. Voluptas sed deleniti eum nesciunt distinctio modi similique explicabo. Similique dolores enim pariatur minus sit.', 3, '2018-10-26 08:47:28', '2018-10-26 08:47:28'),
(263, 19, 'Dr. Karina Tremblay PhD', 'Ut amet ex qui voluptas aut beatae ipsa at. Modi et veniam corrupti hic est autem officia. Incidunt alias tempora et cumque ex. Quam totam enim quia suscipit magni delectus praesentium.', 2, '2018-10-26 08:47:28', '2018-10-26 08:47:28'),
(264, 18, 'Lane Cassin DDS', 'Autem distinctio reiciendis et porro. Aut consequatur nulla minus beatae. Eos et vel eaque.', 5, '2018-10-26 08:47:28', '2018-10-26 08:47:28'),
(265, 40, 'Katlyn McCullough', 'Et provident ullam maiores. Veniam sed rerum eos dolorem consequatur sit. Aut natus repellendus eius dolores vero. Ab quos incidunt nisi et praesentium.', 0, '2018-10-26 08:47:28', '2018-10-26 08:47:28'),
(266, 34, 'Prof. Quinn Steuber V', 'Totam consectetur debitis dignissimos beatae. Sint perspiciatis laudantium odit voluptatem in. Quia et distinctio quae exercitationem mollitia aut quasi.', 0, '2018-10-26 08:47:28', '2018-10-26 08:47:28'),
(267, 41, 'Titus Schaden', 'Odio qui maxime dolores fuga saepe occaecati aut laudantium. Facilis dolore eum qui. Sunt blanditiis voluptatibus nostrum doloremque.', 3, '2018-10-26 08:47:28', '2018-10-26 08:47:28'),
(268, 14, 'Orland Vandervort', 'Voluptas rerum et voluptatem culpa velit non. Adipisci doloribus nostrum commodi dolor. Dolores veritatis ratione porro sed inventore. Fugit id ea ea sit error harum modi.', 4, '2018-10-26 08:47:29', '2018-10-26 08:47:29'),
(269, 18, 'Adrain Leuschke', 'Sit inventore neque repudiandae ea itaque earum labore quia. Accusantium voluptatem minima odit odit quisquam. Sed iure ipsa voluptas ratione odio.', 2, '2018-10-26 08:47:29', '2018-10-26 08:47:29'),
(270, 32, 'Narciso Walsh', 'Eaque dolore illo aut atque magnam dolorem. Tempora nisi sed illum sint dolor et necessitatibus in. Et sed aliquid eaque molestiae ut.', 0, '2018-10-26 08:47:29', '2018-10-26 08:47:29'),
(271, 34, 'Elmo Deckow', 'Ipsa qui aut rerum autem culpa harum. Odio velit dolorum eos deserunt sequi. Debitis ut et quod quos reprehenderit ab.', 4, '2018-10-26 08:47:29', '2018-10-26 08:47:29'),
(272, 32, 'Coleman Emard', 'Nesciunt id consequuntur nam dignissimos. Ex dolore eveniet omnis qui totam quisquam. Nobis dolorem sed maxime quo sequi voluptatibus. Similique quia quia perspiciatis.', 4, '2018-10-26 08:47:29', '2018-10-26 08:47:29'),
(273, 10, 'Werner Upton', 'Ipsam voluptate architecto quisquam sunt tempore enim. Quia id hic beatae sit autem dolor est. Error qui consequatur saepe aut. Sit eum iure ut. Possimus nulla fugiat soluta rerum illum veniam recusandae.', 2, '2018-10-26 08:47:29', '2018-10-26 08:47:29'),
(274, 42, 'Tabitha Beer III', 'Sint aut voluptas quas voluptate. Eos exercitationem minus perspiciatis. Ea ut et sequi ut autem enim.', 3, '2018-10-26 08:47:29', '2018-10-26 08:47:29'),
(275, 44, 'Prof. Damon Legros Jr.', 'Molestiae labore voluptatibus asperiores. Ut rerum inventore cum sit voluptatem nulla nesciunt.', 5, '2018-10-26 08:47:29', '2018-10-26 08:47:29'),
(276, 41, 'Dr. Eloise Schmitt III', 'Sed vitae laborum voluptatem ducimus totam voluptates nobis. Sit delectus labore neque praesentium perspiciatis libero. Deserunt vitae ut dicta doloremque.', 3, '2018-10-26 08:47:29', '2018-10-26 08:47:29'),
(277, 10, 'Aniyah Howe II', 'Optio dolorem fugit esse. Sed ut quae quos qui omnis doloribus provident. Ad doloribus enim est qui. Dicta qui voluptatem est et similique impedit eum. Adipisci ut nisi id possimus.', 4, '2018-10-26 08:47:29', '2018-10-26 08:47:29'),
(278, 33, 'Talon Mills II', 'Incidunt necessitatibus voluptatibus dolorem maiores reiciendis ut. Et laudantium autem aliquam expedita.', 0, '2018-10-26 08:47:29', '2018-10-26 08:47:29'),
(279, 41, 'Sandy Wunsch III', 'Rerum id suscipit harum molestias. Hic reprehenderit explicabo itaque ut nihil. Delectus doloribus ipsam ea corrupti id eveniet eaque.', 0, '2018-10-26 08:47:29', '2018-10-26 08:47:29'),
(280, 40, 'Erica Hill', 'Porro eaque sed omnis similique beatae. Qui minus repellat nam repudiandae est quia et. Atque doloremque assumenda est quo quisquam omnis incidunt. Dolore quod ipsum debitis architecto.', 2, '2018-10-26 08:47:29', '2018-10-26 08:47:29'),
(281, 50, 'Modesto Toy V', 'Est odit qui ut veritatis nostrum nihil. Numquam sed quidem quia voluptates. Consectetur quo minus unde est.', 0, '2018-10-26 08:47:29', '2018-10-26 08:47:29'),
(282, 37, 'Ms. Tess McClure', 'Mollitia debitis modi voluptas suscipit consequatur voluptatum. Reprehenderit aliquam odit molestias perspiciatis. Sit voluptas omnis ut harum.', 5, '2018-10-26 08:47:29', '2018-10-26 08:47:29'),
(283, 40, 'Devin Fay', 'Molestiae officiis est dolor voluptas quo dicta vero quia. Dolor amet sit quam optio. Ad et aut veritatis molestiae ratione.', 2, '2018-10-26 08:47:29', '2018-10-26 08:47:29'),
(284, 27, 'Prof. Zoila Gottlieb V', 'Voluptatem labore non voluptatum sed consequatur consectetur molestias. Ab eaque fugiat sint non nisi alias dolor. Dolore sapiente sit nihil sit. Optio et est aut repudiandae ut vitae.', 3, '2018-10-26 08:47:29', '2018-10-26 08:47:29'),
(285, 3, 'Elza Hessel', 'Ut quis officia consequatur qui nostrum inventore rerum quibusdam. Aut temporibus qui dolores. Aut quidem dolor expedita harum earum perspiciatis. Et est consequatur ut earum libero odit minus ipsam.', 1, '2018-10-26 08:47:30', '2018-10-26 08:47:30'),
(286, 26, 'Archibald Lakin', 'Quos ad nemo quas consequatur sit amet rerum. Minus iure eligendi voluptas aut porro illo dolores.', 5, '2018-10-26 08:47:30', '2018-10-26 08:47:30'),
(287, 16, 'Mrs. Jalyn Christiansen MD', 'Fuga officia dicta omnis vero et est reprehenderit. Ea vel reprehenderit ut porro vero beatae ut. Vero enim laudantium pariatur neque.', 1, '2018-10-26 08:47:30', '2018-10-26 08:47:30'),
(288, 23, 'Mrs. Ocie Schuster', 'Est perspiciatis quia pariatur omnis. Voluptatem harum necessitatibus quod laborum. Aut delectus exercitationem id.', 3, '2018-10-26 08:47:30', '2018-10-26 08:47:30'),
(289, 7, 'Lorena Stracke', 'Ducimus quo ad cupiditate atque et. Vitae praesentium voluptatem quia sunt consequatur nisi nam. Sapiente libero rerum deleniti sint maxime ipsam. Autem mollitia rerum illo voluptatem sunt amet ipsum.', 0, '2018-10-26 08:47:30', '2018-10-26 08:47:30'),
(290, 48, 'Ms. Rita Weimann', 'Deserunt consectetur esse illo ipsam dicta sapiente blanditiis. Nam nostrum consequatur esse et.', 4, '2018-10-26 08:47:30', '2018-10-26 08:47:30'),
(291, 4, 'Dr. Phyllis Okuneva', 'Debitis accusantium delectus aut id excepturi culpa quis amet. Laboriosam quisquam velit inventore. Sint quia animi autem vel nesciunt. Asperiores iusto soluta aut.', 0, '2018-10-26 08:47:30', '2018-10-26 08:47:30'),
(292, 4, 'Miss Cheyenne Gaylord MD', 'Consectetur non fugiat deserunt pariatur et perferendis cum. Aliquam ut blanditiis id voluptatem repudiandae natus natus sed. Qui eos quisquam pariatur eaque eum et. Adipisci tempore quisquam dolor totam.', 3, '2018-10-26 08:47:30', '2018-10-26 08:47:30'),
(293, 28, 'Tessie Runte I', 'Iusto deleniti autem amet corporis fugit delectus consequuntur fugiat. Cupiditate dicta quam non repellendus nulla dolorem et. Vel aspernatur non impedit vel voluptatem soluta.', 5, '2018-10-26 08:47:30', '2018-10-26 08:47:30'),
(294, 39, 'Mrs. Albertha Brakus', 'Iure expedita ipsa dolor similique esse. Et adipisci quo suscipit quia sit illum sit. Numquam consequuntur dicta maxime molestiae.', 4, '2018-10-26 08:47:30', '2018-10-26 08:47:30'),
(295, 15, 'Angeline Becker', 'Voluptates accusantium velit cupiditate non nesciunt blanditiis consequatur. Qui voluptatibus voluptatem velit aut similique. Dolorum quia nihil voluptate. Aperiam quia id nihil culpa.', 4, '2018-10-26 08:47:30', '2018-10-26 08:47:30'),
(296, 11, 'Ayana Bernier I', 'Aut ut eos sed. Ab fuga dolor at est. Doloribus quo iusto quae non ut tempora ratione.', 2, '2018-10-26 08:47:30', '2018-10-26 08:47:30'),
(297, 8, 'Mr. Brennon Schuppe', 'Pariatur velit dolores dolor nostrum. Fuga eum necessitatibus quia repellat error soluta. Occaecati dolores animi enim illo laudantium earum.', 3, '2018-10-26 08:47:30', '2018-10-26 08:47:30'),
(298, 10, 'Yazmin Mraz', 'Aliquam ullam dignissimos voluptate eos ut iusto. Eos et quasi maxime eius in expedita qui. Ipsa eos sunt quia porro. Qui fugit repellendus quidem voluptate suscipit explicabo.', 1, '2018-10-26 08:47:30', '2018-10-26 08:47:30'),
(299, 21, 'Sydni Davis', 'Quis sunt et ut aliquid officiis repellendus. Rerum tenetur maiores et suscipit. Repudiandae et beatae et distinctio velit et. Aut rerum corrupti ut ab quis ipsa.', 5, '2018-10-26 08:47:30', '2018-10-26 08:47:30'),
(300, 22, 'Camila Lang', 'Impedit libero repudiandae odio rerum atque dolorem cupiditate pariatur. Enim numquam at quas qui. Distinctio ea rerum suscipit hic fugit consectetur incidunt. Veritatis rerum possimus error quia fuga asperiores harum voluptas.', 1, '2018-10-26 08:47:30', '2018-10-26 08:47:30');

-- --------------------------------------------------------

--
-- Table structure for table `users`
--

CREATE TABLE `users` (
  `id` int(10) UNSIGNED NOT NULL,
  `name` varchar(255) COLLATE utf8mb4_unicode_ci NOT NULL,
  `email` varchar(255) COLLATE utf8mb4_unicode_ci NOT NULL,
  `password` varchar(255) COLLATE utf8mb4_unicode_ci NOT NULL,
  `remember_token` varchar(100) COLLATE utf8mb4_unicode_ci DEFAULT NULL,
  `created_at` timestamp NULL DEFAULT NULL,
  `updated_at` timestamp NULL DEFAULT NULL
) ENGINE=InnoDB DEFAULT CHARSET=utf8mb4 COLLATE=utf8mb4_unicode_ci;

--
-- Indexes for dumped tables
--

--
-- Indexes for table `migrations`
--
ALTER TABLE `migrations`
  ADD PRIMARY KEY (`id`);

--
-- Indexes for table `password_resets`
--
ALTER TABLE `password_resets`
  ADD KEY `password_resets_email_index` (`email`);

--
-- Indexes for table `products`
--
ALTER TABLE `products`
  ADD PRIMARY KEY (`id`);

--
-- Indexes for table `reviews`
--
ALTER TABLE `reviews`
  ADD PRIMARY KEY (`id`),
  ADD KEY `reviews_product_id_index` (`product_id`);

--
-- Indexes for table `users`
--
ALTER TABLE `users`
  ADD PRIMARY KEY (`id`),
  ADD UNIQUE KEY `users_email_unique` (`email`);

--
-- AUTO_INCREMENT for dumped tables
--

--
-- AUTO_INCREMENT for table `migrations`
--
ALTER TABLE `migrations`
  MODIFY `id` int(10) UNSIGNED NOT NULL AUTO_INCREMENT, AUTO_INCREMENT=5;

--
-- AUTO_INCREMENT for table `products`
--
ALTER TABLE `products`
  MODIFY `id` int(10) UNSIGNED NOT NULL AUTO_INCREMENT, AUTO_INCREMENT=51;

--
-- AUTO_INCREMENT for table `reviews`
--
ALTER TABLE `reviews`
  MODIFY `id` int(10) UNSIGNED NOT NULL AUTO_INCREMENT, AUTO_INCREMENT=301;

--
-- AUTO_INCREMENT for table `users`
--
ALTER TABLE `users`
  MODIFY `id` int(10) UNSIGNED NOT NULL AUTO_INCREMENT;

--
-- Constraints for dumped tables
--

--
-- Constraints for table `reviews`
--
ALTER TABLE `reviews`
  ADD CONSTRAINT `reviews_product_id_foreign` FOREIGN KEY (`product_id`) REFERENCES `products` (`id`) ON DELETE CASCADE;
COMMIT;

/*!40101 SET CHARACTER_SET_CLIENT=@OLD_CHARACTER_SET_CLIENT */;
/*!40101 SET CHARACTER_SET_RESULTS=@OLD_CHARACTER_SET_RESULTS */;
/*!40101 SET COLLATION_CONNECTION=@OLD_COLLATION_CONNECTION */;
